screening_rank,outage_branch_idx,outage_from_bus,outage_to_bus,outage_branch,outage_rating_MVA,is_islanding,n_islands,smallest_island_buses,largest_island_buses,success_hours,failed_hours,success_rate_pct,total_solve_time_s,mean_solve_time_s,max_solve_time_s,mean_cost,mean_cost_delta,mean_cost_delta_pct,max_cost,mean_loss_MW,mean_loss_delta_MW,mean_loss_delta_pct,max_loss_MW,max_loading_pct,mean_hourly_system_max_loading_pct,max_loading_branch_idx,max_loading_branch,max_loading_hour,hours_any_gt80,hours_any_gt90,hours_any_gt95,hours_any_gt99,branch_hours_gt80,branch_hours_gt90,branch_hours_gt95,branch_hours_gt99,stress_above80_pp_sum,stress_above90_pp_sum,min_VM_pu,max_VM_pu,max_case_voltage_violation_pu,case_voltage_violation_bus_hours,screen_voltage_violation_bus_hours,mean_abs_voltage_dev_from_intact_pu,max_abs_voltage_dev_from_intact_pu,mean_loading_94_100_pct,max_loading_94_100_pct,mean_loading_26_30_pct,max_loading_26_30_pct,screening_severity_score
1,7,8,9,8-9,711,1,2,2,116,0,24,0,0,NaN,NaN,NaN,NaN,NaN,NaN,NaN,NaN,NaN,NaN,NaN,NaN,NaN,,NaN,0,0,0,0,0,0,0,0,NaN,NaN,NaN,NaN,NaN,0,0,NaN,NaN,NaN,NaN,NaN,NaN,300
2,9,9,10,9-10,710,1,2,1,117,0,24,0,0,NaN,NaN,NaN,NaN,NaN,NaN,NaN,NaN,NaN,NaN,NaN,NaN,NaN,,NaN,0,0,0,0,0,0,0,0,NaN,NaN,NaN,NaN,NaN,0,0,NaN,NaN,NaN,NaN,NaN,NaN,300
3,113,71,73,71-73,188,1,2,1,117,0,24,0,0,NaN,NaN,NaN,NaN,NaN,NaN,NaN,NaN,NaN,NaN,NaN,NaN,NaN,,NaN,0,0,0,0,0,0,0,0,NaN,NaN,NaN,NaN,NaN,0,0,NaN,NaN,NaN,NaN,NaN,NaN,300
4,133,85,86,85-86,156,1,2,2,116,0,24,0,0,NaN,NaN,NaN,NaN,NaN,NaN,NaN,NaN,NaN,NaN,NaN,NaN,NaN,,NaN,0,0,0,0,0,0,0,0,NaN,NaN,NaN,NaN,NaN,0,0,NaN,NaN,NaN,NaN,NaN,NaN,300
5,134,86,87,86-87,141,1,2,1,117,0,24,0,0,NaN,NaN,NaN,NaN,NaN,NaN,NaN,NaN,NaN,NaN,NaN,NaN,NaN,,NaN,0,0,0,0,0,0,0,0,NaN,NaN,NaN,NaN,NaN,0,0,NaN,NaN,NaN,NaN,NaN,NaN,300
6,176,110,111,110-111,154,1,2,1,117,0,24,0,0,NaN,NaN,NaN,NaN,NaN,NaN,NaN,NaN,NaN,NaN,NaN,NaN,NaN,,NaN,0,0,0,0,0,0,0,0,NaN,NaN,NaN,NaN,NaN,0,0,NaN,NaN,NaN,NaN,NaN,NaN,300
7,177,110,112,110-112,135,1,2,1,117,0,24,0,0,NaN,NaN,NaN,NaN,NaN,NaN,NaN,NaN,NaN,NaN,NaN,NaN,NaN,,NaN,0,0,0,0,0,0,0,0,NaN,NaN,NaN,NaN,NaN,0,0,NaN,NaN,NaN,NaN,NaN,NaN,300
8,183,68,116,68-116,7218,1,2,1,117,0,24,0,0,NaN,NaN,NaN,NaN,NaN,NaN,NaN,NaN,NaN,NaN,NaN,NaN,NaN,,NaN,0,0,0,0,0,0,0,0,NaN,NaN,NaN,NaN,NaN,0,0,NaN,NaN,NaN,NaN,NaN,NaN,300
9,184,12,117,12-117,170,1,2,1,117,0,24,0,0,NaN,NaN,NaN,NaN,NaN,NaN,NaN,NaN,NaN,NaN,NaN,NaN,NaN,,NaN,0,0,0,0,0,0,0,0,NaN,NaN,NaN,NaN,NaN,0,0,NaN,NaN,NaN,NaN,NaN,NaN,300
10,38,26,30,26-30,340,0,1,118,118,24,0,100,5.9638596,0.24849415,0.3613873,49361.6979441925,667.874359653943,1.37157920756506,64050.9073784876,64.6395465073812,8.41904486277411,14.975044007957,84.3793788867569,100.00004509716,100.000004457378,31,23-25,2,24,24,24,24,50,48,48,48,961.359015248112,480.000059606962,0.98954300916881,1.0599999992704,0,0,738,0.00220065226573007,0.0271375465030859,99.9999999403931,100.000001043991,NaN,NaN,82.1112322946668
11,8,8,5,8-5,1099,0,1,118,118,24,0,100,11.6441656,0.485173566666667,3.9722332,49331.6589641726,637.835379634089,1.30988969992617,64873.3156516417,79.7571510209695,23.5366493763624,41.864886807925,124.905259754926,100.000017643029,100.000001341936,155,94-100,22,24,24,24,24,52,40,38,38,825.917552929307,385.550533396645,0.977483939622765,1.05999999810282,0,0,660,0.00553539717138581,0.0616621083403123,100.000001194802,100.000017643029,73.7281841328108,76.5087945753394,65.2773292511266
12,32,26,25,26-25,768,0,1,118,118,24,0,100,5.3880806,0.224503358333333,0.2439396,49258.285061725,564.46147718648,1.15920549185567,64025.2791685567,61.2662560147305,5.04575437012345,8.97493658455724,82.7720404411646,100.000004046659,100.00000059158,155,94-100,21,24,24,24,24,52,48,48,48,969.187506551339,480.000003176372,0.987115198278676,1.05999999966737,0,0,660,0.00345491898819391,0.0317892161152022,100.000000140033,100.000004046659,99.9999999923159,100.000002136841,48.122746770971
13,33,25,27,25-27,177,0,1,118,118,24,0,100,5.3645813,0.223524220833333,0.2620587,48818.5850973558,124.761512817247,0.256216299384759,63514.3333427396,60.3607616978385,4.14026005323142,7.36432428049771,78.8235799003313,100.000003037648,100.000000250156,155,94-100,22,24,24,24,24,74,48,48,44,1157.24899836411,472.155891371715,0.987290290840865,1.05999999929344,0,0,634,0.00255128399394425,0.0311570040401845,100.000000228848,100.000003037648,88.4971191196868,89.5946931056016,38.1191206053028
14,150,94,96,94-96,149,0,1,118,118,24,0,100,6.1637211,0.2568217125,0.3009339,48239.5833298198,-454.240254718694,-0.932849838604431,62898.2592546962,66.6845469743542,10.4640453297471,18.6125079350851,79.3131852904024,100.000007927943,100.000000497306,155,94-100,21,24,24,24,24,75,47,46,39,1069.73279393208,438.325651058797,0.992024707923264,1.05999999981264,0,0,596,0.000631998861109786,0.0066635217874198,100.000000497306,100.000007927943,75.9292245725793,80.1339123078146,32.8749638800424
15,147,94,95,94-95,151,0,1,118,118,24,0,100,6.1280395,0.255334979166667,0.2889922,48286.1211398056,-407.702444732909,-0.83727753279651,62922.4082293093,65.7107846818412,9.49028303723416,16.8804666618348,80.0086177950578,100.000000062552,99.9999997957805,155,94-100,19,24,24,24,24,51,48,47,40,936.063299078394,449.011198053531,0.990118939541836,1.05999999880833,0,0,542,0.00108057571897165,0.0204767387047309,99.9999997957805,100.000000062552,75.8649749575287,79.9647978073225,30.8396915881775
16,31,23,25,23-25,186,0,1,118,118,24,0,100,6.9486483,0.2895270125,0.5466154,48835.19197103,141.368386491435,0.290320981358142,63483.8594854063,61.50742773784,5.28692609323291,9.4039112753809,78.8939531573171,100.000002916788,100.000000484766,155,94-100,19,24,24,24,24,74,63,44,28,1111.68685116135,427.625515543289,0.987178859149342,1.05999999888014,0,0,622,0.00133682911538346,0.0134451088149987,100.000000484766,100.000002916788,96.4955262033633,99.3659668180769,29.8552731469103
17,51,38,37,38-37,783,0,1,118,118,24,0,100,5.8302107,0.242925445833333,0.3310057,48921.2826446944,227.459060155874,0.46712096814697,63706.873242938,65.0831528905208,8.86265124591369,15.7640913664167,88.1779650047621,100.000003431373,100.000000340628,155,94-100,18,24,24,24,24,39,27,24,24,563.381393357825,246.025420815132,0.997497720162334,1.05999999941417,0,0,563,0.00544674870325409,0.0506294838653034,100.000000340628,100.000003431373,74.5619969342067,79.1285586531161,23.4574166423881
18,159,99,100,99-100,175,0,1,118,118,24,0,100,6.1736131,0.257233879166667,0.3020733,49532.3936279474,838.570043408843,1.72212815030428,64198.4171764971,48.1282127236477,-8.09228892095938,-14.3938397634978,63.7486389237309,100.000000127032,99.9999998603986,155,94-100,22,24,24,24,24,34,24,24,24,496.676861962489,239.999996649567,0.990228504756574,1.05999999923879,0,0,551,0.00232987689513205,0.0309181000760475,99.9999998603986,100.000000127032,75.5872182528976,79.0483871677691,22.6297720065763
19,155,94,100,94-100,150,0,1,118,118,24,0,100,6.0268983,0.2511207625,0.2788769,47953.6652649549,-740.158319583657,-1.52002505676855,62958.9750716673,69.6982342362626,13.4777325916555,23.9729852943217,80.4511581208871,100.000000016178,99.7518566642901,154,92-100,9,24,24,24,21,66,52,30,21,923.075831085534,331.627579851813,0.997701958900564,1.05999999956086,0,0,642,0.00263852852630617,0.0200558876738124,NaN,NaN,75.913821919185,79.8024773484938,20.1678654662893
20,128,77,82,77-82,141,0,1,118,118,24,0,100,5.3871914,0.224466308333333,0.2503759,48316.8136961793,-377.009888359193,-0.774245809028853,62970.522351372,71.3272908059136,15.1067891613065,26.8706054186473,80.9755787298635,100.000003689699,100.000000380044,155,94-100,3,24,24,24,24,43,34,30,28,673.788337682316,301.394610265941,0.987992776243385,1.05999999949802,0,0,726,0.00148346793147084,0.0120584605907446,100.000000380044,100.000003689699,76.1048557298174,80.4633479322549,18.6112372182883
21,36,30,17,30-17,756,0,1,118,118,24,0,100,5.844379,0.243515791666667,0.3082889,48809.0927522146,115.26916767611,0.236722358588226,63512.2881286622,60.5546493779554,4.33414773334832,7.70919434470054,80.801399499699,100.000007729381,100.000000521294,155,94-100,12,24,24,24,24,44,24,24,24,560.791475690055,240.000012511059,0.986829687395338,1.05999999822954,0,0,557,0.00245608813641367,0.0312157167182048,100.000000521294,100.000007729381,66.3372276899506,72.2133375776367,17.5020354162187
22,158,98,100,98-100,160,0,1,118,118,24,0,100,6.2224884,0.25927035,0.2939612,49407.4868045404,713.66322000185,1.46561343403818,64038.5606075026,48.1433774112369,-8.07712423337019,-14.366866173534,63.7920133376679,100.000000602378,99.999999905707,155,94-100,11,24,24,24,24,36,24,24,24,511.970251541015,239.999997736968,0.988743946947345,1.05999999912959,0,0,557,0.00181148371715762,0.0172891994390778,99.999999905707,100.000000602378,75.59541365992,79.0445870074341,17.4432844074172
23,30,23,24,23-24,158,0,1,118,118,24,0,100,6.5293832,0.272057633333333,0.4623985,48753.1629504864,59.3393659478897,0.121862202595098,63375.7425980297,58.3869360951152,2.16643445050809,3.85345983606304,74.4906522498208,100.000010074638,100.000000596694,155,94-100,18,24,24,24,24,36,24,24,24,521.32011468679,240.000014320664,0.987091923368767,1.05999999957478,0,0,605,0.00117488715420495,0.0296871883077108,100.000000596694,100.000010074638,80.6535514995877,85.3116977770866,17.0271321015267
24,156,95,96,95-96,149,0,1,118,118,24,0,100,8.1297713,0.338740470833333,0.5564016,48368.1643265316,-325.659258006897,-0.668789661673441,63007.5440489166,66.0505806901885,9.83007904558139,17.4848654103469,82.6797807993887,100.000001896424,100.000000090328,155,94-100,19,24,24,24,24,49,44,27,24,799.227654198255,322.977233483103,0.991273394516007,1.05999999816034,0,0,635,0.000718770610580414,0.00678238187299862,100.000000090328,100.000001896424,75.8971016657978,79.9849398375151,15.9410485543843
25,160,100,101,100-101,176,0,1,118,118,24,0,100,6.2416144,0.260067266666667,0.2950408,49000.7458711663,306.922286627785,0.630310507645656,63634.4955542163,66.78975763153,10.5692559869229,18.799647242096,85.5482362139723,100.000001215903,100.000000058502,155,94-100,21,24,24,24,24,27,24,24,24,481.218992116626,240.000001404055,0.990710198019794,1.05999999963949,0,0,592,0.000685037366532983,0.0178593572468775,100.000000058502,100.000001215903,75.9752966081222,80.2013529739894,15.2730000307356
26,95,64,61,64-61,1095,0,1,118,118,24,0,100,5.4216413,0.225901720833333,0.2475375,48718.0530431454,24.2294586068674,0.049758792436585,63341.8370565267,57.2749253122322,1.0544236676251,1.87551451299839,74.2180745962114,100.000011637468,100.000000928355,155,94-100,12,24,24,24,24,26,24,24,24,480.995231070367,240.000022280515,0.98544602408576,1.05999999952224,0,0,627,0.000917160870062118,0.0206833414542247,100.000000928355,100.000011637468,75.6321714528163,79.0789833282516,14.9448563522674
27,153,80,99,80-99,140,0,1,118,118,24,0,100,6.0305705,0.251273770833333,0.2850141,49241.9657732388,548.142188700302,1.12569140878547,63825.6715302196,48.2417748662714,-7.97872677833566,-14.1918455811235,63.9517548789262,100.000000170923,99.9999998858989,155,94-100,22,24,24,24,24,38,24,24,24,539.137567224842,239.999997261573,0.990135562914902,1.05999999916561,0,0,570,0.00224255204502328,0.018633550038204,99.9999998858989,100.000000170923,75.6193426134643,79.048041645124,14.4754444654203
28,61,44,45,44-45,166,0,1,118,118,24,0,100,4.92296,0.205123333333333,0.2262948,48709.3267848674,15.5032003288652,0.0318381248125847,63336.6626123482,56.8630919572672,0.642590312660083,1.14298217529641,73.9743058053681,100.000002552789,100.000000492309,155,94-100,12,24,24,24,24,26,24,24,24,481.104550081294,240.000011815414,0.969364857228187,1.05999999565417,0,0,267,0.0118207833153054,0.0486842243510828,100.000000492309,100.000002552789,74.6092176626049,78.013796868416,14.3905134858477
29,50,34,37,34-37,159,0,1,118,118,24,0,100,5.3333492,0.222222883333333,0.2489873,48710.3444235021,16.5208389635227,0.033927996914928,63357.3262313334,56.8518771483366,0.631375503729544,1.12303427621605,74.7993100091022,100.00000999357,100.000001702666,155,94-100,12,24,24,24,24,26,24,24,24,481.103517518802,240.000040863988,0.989201823504602,1.05999999476225,0,0,480,0.00161158818479989,0.0235000246596639,100.000001702666,100.00000999357,75.3839223185469,79.0991840636602,14.0385433170585
30,3,4,5,4-5,176,0,1,118,118,24,0,100,7.8515974,0.327149891666667,0.7578437,48723.6594391777,29.8358546391828,0.0612723594962389,63379.1016165343,57.3768898083954,1.15638816378828,2.05687983913463,75.6291680962552,100.000009237545,100.000000757091,155,94-100,18,24,24,24,24,26,24,24,24,481.222757848408,240.000018170181,0.987416185628835,1.05999999822417,0,0,553,0.000788669895899834,0.0238170709539398,100.000000757091,100.000009237545,75.5948702928988,79.2912761567183,13.9906536482604
31,13,2,12,2-12,151,0,1,118,118,24,0,100,5.3886982,0.224529091666667,0.2565197,48698.755086695,4.93150215646892,0.0101275722328669,63337.3016994016,56.4229753398578,0.202473695250703,0.360142099995162,74.0468597783478,100.000008672892,100.000000363883,155,94-100,18,24,24,24,24,26,24,24,24,481.093736359504,240.00000873318,0.987388358611756,1.05999999974472,0,0,597,0.000343113923831238,0.0256737611235571,100.000000363883,100.000008672892,75.6896353156974,79.3171293997131,13.1543487794149
32,152,80,98,80-98,176,0,1,118,118,24,0,100,6.0595985,0.252483270833333,0.3304118,49176.4108006205,482.587216081927,0.991064534589476,63742.9949093759,48.3866285575395,-7.83387308706761,-13.9341927907167,64.2309058385559,99.9999999791051,99.9999998219559,155,94-100,15,24,24,24,24,38,24,24,24,547.415277094445,239.999995726941,0.988712533983073,1.05999999900843,0,0,564,0.00190864134857413,0.0178070540410424,99.9999998219559,99.9999999791051,75.6229909651034,79.0445766831329,12.9526608274644
33,53,37,40,37-40,140,0,1,118,118,24,0,100,5.9306207,0.247109195833333,0.4089263,48711.8449468985,18.0213623599411,0.0370095446061117,63359.6451171479,56.9449230595409,0.724421414933779,1.28853602109982,74.8061387229318,100.000012686683,100.000003035444,155,94-100,18,24,24,24,24,26,24,24,24,481.143338119266,240.000072850649,0.986949038594859,1.05999999843358,0,0,581,0.000856575886655014,0.00971198034973741,100.000003035444,100.000012686683,75.5003903936465,79.2273795853295,12.8340448098804
34,55,39,40,39-40,151,0,1,118,118,24,0,100,6.519843,0.271660125,0.3277352,48705.5808286679,11.7572441293596,0.0241452473103649,63349.6231914488,56.6940411674469,0.473539522839829,0.842289750157811,74.3953753469617,100.000012045507,100.000001830419,155,94-100,18,24,24,24,24,26,24,24,24,481.146294190218,240.000043930059,0.986779536500231,1.0599999976484,0,0,590,0.000895176512131334,0.0118657446216435,100.000001830419,100.000012045507,75.5471874225738,79.2352768999606,12.6428983410005
35,52,37,39,37-39,151,0,1,118,118,24,0,100,6.208056,0.258669,0.3642194,48726.9971543891,33.1735698505508,0.0681268534867824,63383.9539963429,57.5499283985269,1.32942675391982,2.36466540680066,75.6765757303697,100.000005976159,100.000000839325,155,94-100,15,24,24,24,24,26,24,24,24,481.172563666491,240.000020143788,0.986441105920026,1.05999999958455,0,0,550,0.00177298525866534,0.0278358797556499,100.000000839325,100.000005976159,75.4164203486264,79.1513807866645,12.5735768600325
36,39,17,31,17-31,151,0,1,118,118,24,0,100,5.8302074,0.242925308333333,0.3101229,48692.1251667108,-1.69841782769072,-0.00348795330221307,63330.333262285,56.0167391210647,-0.203762523542409,-0.362434552488477,73.6962050952424,100.000011403792,100.000001029697,155,94-100,12,24,24,24,24,30,24,24,24,482.756454119624,240.000024712739,0.98729122259928,1.05999999740968,0,0,591,0.000599985361862391,0.0145547070384373,100.000001029697,100.000011403792,76.3713756906487,80.5574581901828,12.3888839812809
37,60,34,43,34-43,167,0,1,118,118,24,0,100,6.5909402,0.274622508333333,0.5017848,48697.7691589432,3.94557440464268,0.00810282313894015,63339.0824422325,56.3760703644053,0.155568719798225,0.276711724811065,73.8994350626588,100.000007730372,100.00000037684,155,94-100,18,24,24,24,24,26,24,24,24,481.134281604429,240.000009044164,0.988982976180542,1.05999999867389,0,0,578,0.000741505896811578,0.0253150769443253,100.00000037684,100.000007730372,75.7821370714956,79.4910770313925,12.2983638411694
38,54,30,38,30-38,542,0,1,118,118,24,0,100,5.8105199,0.242104995833333,0.3127119,48746.9323062916,53.1087217530658,0.109066649204211,63410.918711851,58.293778143449,2.07327649884191,3.68775880362637,75.7580020329362,100.000007751465,100.000000650982,155,94-100,18,24,24,24,24,26,24,24,24,482.10734131104,240.000015623574,0.989882000137986,1.05999999963359,0,0,544,0.0025595652086716,0.0182769193304947,100.000000650982,100.000007751465,73.9568522241255,78.1884533022946,12.2939570537576
39,104,65,68,65-68,686,0,1,118,118,24,0,100,13.3603641,0.5566818375,0.7785687,48712.0384632484,18.2148787098704,0.037406959176757,63430.4319117695,56.5865149443706,0.366013299763566,0.651031721625834,73.9420347390973,100.000008315751,100.000000844231,155,94-100,18,24,24,24,24,25,24,24,24,480.816306847775,240.000020261554,0.973165375607447,1.05999999894528,0,0,635,0.00119997663489743,0.0211291747069424,100.000000844231,100.000008315751,74.9414052287761,78.4776534433869,12.077084053639
40,185,75,118,75-118,151,0,1,118,118,24,0,100,4.9342291,0.205592879166667,0.2449934,48701.8419586121,8.01837407359562,0.0164669222569362,63339.5639772328,56.733662551998,0.513160907390933,0.912764725286221,74.7690144448167,100.000002697833,100.000000138163,155,94-100,19,24,24,24,24,28,24,24,24,488.465524791883,240.000003315914,0.980254353193927,1.05999999938698,0,0,614,0.000651253971002989,0.0384158012723296,100.000000138163,100.000002697833,75.8060695096987,79.4391596224466,11.8120778951348
41,174,103,110,103-110,159,0,1,118,118,24,0,100,6.52247,0.271769583333333,0.3025694,48732.3342408845,38.5106563459849,0.0790873534076157,63390.2616364521,59.2728623044734,3.05236065986632,5.42926614060037,78.5332002818265,100.000003671465,100.000000287793,155,94-100,19,24,24,24,24,25,24,24,24,480.264118145806,240.000006907042,0.987411645447985,1.05999999947359,0,0,611,0.000907965298123179,0.0281441786191635,100.000000287793,100.000003671465,75.660733074523,79.2776066891474,11.6886581731914
42,164,100,104,100-104,141,0,1,118,118,24,0,100,6.1803855,0.2575160625,0.2908359,48717.4373044594,23.6137199208461,0.0484942815793664,63469.1842152318,57.6376460742521,1.41714442964498,2.5206897629682,75.8423081284698,100.000001786112,100.00000016808,155,94-100,12,24,24,24,24,40,37,29,27,677.774155345873,298.93831177924,0.987412328484198,1.05999999952575,0,0,590,0.000469329778782066,0.0127634770688729,100.000000110127,100.000001786112,75.6609629555757,79.2775939988036,11.656815103646
43,34,27,28,27-28,174,0,1,118,118,24,0,100,8.05882,0.335784166666667,0.6772113,48701.7738323872,7.95024784866837,0.0163270149341749,63337.9648041625,56.4096476895173,0.189146044910245,0.336436067586012,74.0803382786543,100.00001008541,100.000000517178,155,94-100,18,24,24,24,24,30,24,24,24,481.775405111814,240.00001241228,0.987427887652145,1.0599999977026,0,0,595,0.000257930710631598,0.0146133688930692,100.000000517178,100.00001008541,76.8120052802257,80.295679722436,11.6032080227647
44,4,3,5,3-5,175,0,1,118,118,24,0,100,11.4678254,0.477826058333333,3.873718,48726.4609444989,32.6373599603612,0.0670256668254829,63382.8929367159,57.4944510264292,1.27394938182208,2.2659872191736,75.7862886468648,100.000007063653,100.000000222508,155,94-100,18,24,24,24,24,26,24,24,24,481.207973626022,240.000005340181,0.987392022044098,1.0599999996583,0,0,622,0.000509257356801274,0.0200559609255619,100.000000222508,100.000007063653,75.6678969651979,79.2945031953078,11.4881839096331
45,29,22,23,22-23,178,0,1,118,118,24,0,100,5.3396629,0.222485954166667,0.2464698,48717.9641720842,24.1405875456476,0.0495762825109359,63359.3722996794,57.3006908316122,1.08018918700513,1.92134391442013,75.1036626574442,100.000007442849,100.000000810636,155,94-100,18,24,24,24,24,33,24,24,24,497.213697024244,240.00001945526,0.987571370302594,1.05999999804646,0,0,623,0.000582978109382244,0.0193557552814509,100.000000810636,100.000007442849,79.3550815550698,82.8883847806191,11.3773661574052
46,48,33,37,33-37,154,0,1,118,118,24,0,100,5.2425111,0.2184379625,0.2754932,48694.6272705383,0.80368599978101,0.00165048858483194,63330.0841136611,56.2323605814296,0.0118589368225059,0.0210936161642085,73.8303463009968,100.000009355696,100.000001877364,155,94-100,18,24,24,24,24,26,24,24,24,480.978689653584,240.000045056745,0.986915751316352,1.05999999819623,0,0,581,0.00085688071240571,0.0163584384763986,100.000001877364,100.000009355696,75.4585111122116,79.1356806317595,11.2592967464519
47,93,63,59,63-59,760,0,1,118,118,24,0,100,5.3284426,0.222018441666667,0.2762544,48695.8941342271,2.07054968854209,0.00425218135714349,63335.5937187916,56.2022750841294,-0.0182265604777001,-0.0324197756059128,73.9415738905842,100.000010457623,100.000000441388,155,94-100,18,24,24,24,24,26,24,24,24,481.128513386846,240.000010593311,0.988399950999627,1.05999999983041,0,0,598,0.000288934074611473,0.0125219088418258,100.000000441388,100.000010457623,75.6932654303022,79.4701175460013,11.1967464024869
48,5,5,6,5-6,176,0,1,118,118,24,0,100,7.4190096,0.3091254,0.6746923,48727.5186706624,33.6950861238365,0.0691978646230926,63386.2598832452,57.5163454299106,1.2958437853035,2.30493102586502,75.8758919956091,100.000007592992,100.000000945541,155,94-100,18,24,24,24,24,26,24,24,24,481.267546783702,240.000022692976,0.987424113432316,1.05999999801178,0,0,599,0.000449013586092797,0.0159091689189559,100.000000945541,100.000007592992,75.6489059287513,79.2683411745699,10.9165374801938
49,67,42,49,42-49,89,0,1,118,118,24,0,100,6.5530155,0.2730423125,0.5322474,48719.4739971377,25.6504125991632,0.0526769325366921,63367.3767664729,57.2298106516863,1.00930900707927,1.79526858984561,75.3265943768762,100.00001067688,100.000000841948,155,94-100,12,24,24,24,24,26,24,24,24,481.080104527389,240.000020206742,0.987531363351518,1.05999999945487,0,0,624,0.000396103053653028,0.00671870476124581,100.000000841948,100.00001067688,75.8814119395874,79.4768493223687,10.8033774237585
50,66,42,49,42-49,89,0,1,118,118,24,0,100,5.7968062,0.241533591666667,0.4671165,48719.4739971377,25.6504125991632,0.0526769325366921,63367.3767664729,57.2298106516863,1.00930900707926,1.7952685898456,75.3265943768762,100.00001067688,100.000000841948,155,94-100,12,24,24,24,24,26,24,24,24,481.080104527389,240.000020206742,0.987531363351518,1.05999999945487,0,0,624,0.000396103053653028,0.00671870476124581,100.000000841948,100.00001067688,75.8814119395874,79.4768493223687,10.8033774237585
51,126,68,81,68-81,684,0,1,118,118,24,0,100,10.7382528,0.4474272,0.7306555,48808.4837859978,114.660201459294,0.235471756002544,63542.3091840713,54.1240151190915,-2.09648652551558,-3.72904272318368,70.8869242464832,100.000000856819,99.9999999340555,155,94-100,10,24,24,24,24,25,24,24,24,480.816291331597,239.999998417331,0.968223554408447,1.05999999835261,0,0,623,0.00124222785983001,0.032361706787262,99.9999999340555,100.000000856819,75.4003684073854,79.0104349737857,10.5985491578212
52,167,100,106,100-106,124,0,1,118,118,24,0,100,6.2799839,0.261665995833333,0.286938,48715.5353672238,21.7117826852336,0.0445883709410071,63434.1332784833,57.6920791005262,1.47157745591913,2.61751036164988,76.0152435924509,100.000001848533,100.000000117521,155,94-100,12,24,24,24,24,40,34,28,27,663.871254463485,287.965011393549,0.987412341623613,1.05999999951932,0,0,594,0.00037539018612245,0.0127718663496279,100.000000117521,100.000001848533,75.6609120419316,79.2775976196598,10.5533270924006
53,116,69,75,69-75,145,0,1,118,118,24,0,100,5.4421133,0.226754720833333,0.2540801,48713.1186358498,19.2950513112737,0.0396252540689788,63361.9775181345,57.0629526141196,0.842450969512541,1.49847643629724,75.8941946086924,100.000008799133,100.000000364386,155,94-100,19,24,24,24,24,29,24,24,24,498.057937934496,240.000008745265,0.987598202964926,1.05999999919461,0,0,598,0.000421361763746758,0.0122307968790307,100.000000364386,100.000008799133,75.3248606575902,79.0005420652131,10.5055183861614
54,69,48,49,48-49,140,0,1,118,118,24,0,100,6.1456001,0.256066670833333,0.3112538,48713.0994859614,19.2759014228359,0.0395859269284338,63347.804476547,57.0534679393747,0.832966294767665,1.48160594516425,74.5043180329236,100.000004474775,100.000000452972,155,94-100,15,24,24,24,24,26,24,24,24,481.391114797304,240.000010871331,0.976139974587343,1.05999999995836,0,0,395,0.00529013679514685,0.0259107021163405,100.000000452972,100.000004474775,75.4872739494893,78.7480457586554,10.4804721786334
55,56,40,41,40-41,152,0,1,118,118,24,0,100,5.7741441,0.2405893375,0.279282,48698.8836938927,5.06010935415543,0.0103916862173915,63338.7784060361,56.4250765694765,0.204574924869448,0.363879579308363,74.0216103308622,100.000007693014,100.000000306604,155,94-100,18,24,24,24,24,26,24,24,24,481.126607399177,240.000007358485,0.987344443913004,1.05999999932854,0,0,593,0.000321643353630981,0.0169516469817981,100.000000306604,100.000007693014,75.6184551387158,79.2884322413151,10.2722712133203
56,90,60,61,60-61,186,0,1,118,118,24,0,100,7.6408618,0.318369241666667,0.4842846,48706.704198812,12.8806142734975,0.0264522547734111,63349.5071435594,56.7100472649412,0.489545620334169,0.870759964805702,74.5100084848934,100.000010640955,100.000000903476,155,94-100,18,24,24,24,24,26,24,24,24,481.201034287125,240.00002168343,0.987610492120766,1.05999999804795,0,0,600,0.000126430107171988,0.00607846583874871,100.000000903476,100.000010640955,75.6669663249111,79.2997187081526,10.1702580461984
57,154,92,100,92-100,98,0,1,118,118,24,0,100,6.1780732,0.257419716666667,0.2849338,48904.3323546003,210.50877006173,0.432311029542094,63512.8590491939,66.7679866571501,10.547485012543,18.7609229800509,85.5579909974545,100.000000539806,99.9999999403071,155,94-100,19,24,24,24,24,27,24,24,24,481.224533530975,239.999998567372,0.990805870591538,1.05999999964919,0,0,632,0.000524580507933176,0.00571499894004357,99.9999999403071,100.000000539806,75.9768813576252,80.2041212718951,10.0556066523672
58,118,76,77,76-77,152,0,1,118,118,24,0,100,6.65547,0.27731125,0.3855277,48725.2336001921,31.4100156535642,0.0645051329744778,63383.682020947,57.5094180975755,1.28891645296842,2.29260930668352,75.5838476890945,100.000004866504,100.000000142395,155,94-100,19,24,24,24,24,25,24,24,24,480.816290182222,240.000003417471,0.987730569863077,1.05999999926516,0,0,608,0.00047517056419833,0.0210234462838944,100.000000142395,100.000004866504,75.1702692836415,78.9314978130161,10.0042141475039
59,68,45,49,45-49,138,0,1,118,118,24,0,100,6.0538566,0.252244025,0.3256016,48705.2502277326,11.4266431941141,0.023466309180416,63345.5521924095,56.672455398265,0.451953753657918,0.803894914554309,74.3784683489421,100.000009410939,100.000000347472,155,94-100,18,24,24,24,24,26,24,24,24,481.083343514454,240.000008339316,0.983264224181395,1.0599999980224,0,0,559,0.00118652349215755,0.00825557164554214,100.000000347472,100.000009410939,75.6220853607725,78.9962162566617,9.70475686668695
60,62,45,46,45-46,153,0,1,118,118,24,0,100,5.5320718,0.230502991666667,0.2501611,48702.6856373976,8.86205285907636,0.0181995419679679,63342.2351713943,56.5737370085106,0.353235363903522,0.628303472168335,74.3187702587859,100.000009271617,100.00000040152,155,94-100,18,24,24,24,24,26,24,24,24,481.111944963812,240.000009636469,0.987765266281501,1.05999999958516,0,0,601,0.000427540090832423,0.00891389178426105,100.00000040152,100.000009271617,75.6876063471569,79.2767542904912,9.66929053759577
61,6,6,7,6-7,176,0,1,118,118,24,0,100,11.5469413,0.481122554166667,3.9555496,48703.1416804696,9.31809593108483,0.0191360941596781,63346.6625691783,56.5630462132232,0.342544568616077,0.609287641688867,74.3444734196978,100.00000956281,100.000000415986,155,94-100,18,24,24,24,24,26,24,24,24,481.195245546529,240.000009983661,0.987436667207388,1.05999999957466,0,0,604,0.000223338699832096,0.00730275697643235,100.000000415986,100.00000956281,75.6563247989519,79.2652659394891,9.50617929257363
62,163,100,103,100-103,151,0,1,118,118,24,0,100,6.3422814,0.264261725,0.3045058,48762.3615190489,68.5379345103574,0.140752829548017,63437.2784546964,61.6547159896682,5.43421434506111,9.6658944443666,82.2620477458811,100.000001839705,100.000000116082,155,94-100,12,24,24,24,24,32,24,24,24,504.013058005574,240.000002785979,0.987412548687423,1.05999999955643,0,0,590,0.000635960011860722,0.0170411266091521,100.000000116082,100.000001839705,75.6609367330428,79.2775844920868,9.11160514620589
63,1,1,2,1-2,151,0,1,118,118,24,0,100,8.0275212,0.33448005,0.7731843,48694.1580252927,0.334440754188108,0.000686823768537046,63330.2289193695,56.2346005540224,0.0140989094153099,0.0250778790705834,73.7548942393604,100.000010023989,100.000000426774,155,94-100,18,24,24,24,24,26,24,24,24,481.104912821148,240.000010242588,0.987408306252954,1.05999999955246,0,0,600,5.12509555712974e-05,0.00474845961163939,100.000000426774,100.000010023989,75.6689728529526,79.2888265705234,8.94123643056591
64,22,16,17,16-17,158,0,1,118,118,24,0,100,6.4003063,0.266679429166667,0.5491791,48701.9221878256,8.09860328704963,0.0166316848644869,63337.7021825036,56.587130632576,0.366628987968895,0.652126852738717,74.1306862169317,100.000008151834,100.000000383246,155,94-100,18,24,24,24,24,26,24,24,24,480.997232350783,240.000009197892,0.987313497460073,1.05999999925861,0,0,607,0.000239922167946867,0.00948563075706099,100.000000383246,100.000008151834,75.8301008124003,79.6066224418809,8.93212982360092
65,14,3,12,3-12,151,0,1,118,118,24,0,100,5.5432944,0.2309706,0.2638388,48693.9823516332,0.158767094631912,0.000326051813031837,63330.0893034852,56.2262573059823,0.00575566137519701,0.0102376556715572,73.7467285675066,100.000010156162,100.000000424127,155,94-100,18,24,24,24,24,26,24,24,24,481.108360604015,240.000010179039,0.987410976249566,1.05999999956273,0,0,595,7.48213381647959e-05,0.00417764059917425,100.000000424127,100.000010156162,75.669210718454,79.2889785580618,8.89797423469214
66,28,21,22,21-22,178,0,1,118,118,24,0,100,5.3982831,0.2249284625,0.2475935,48708.980395506,15.1568109675136,0.0311267628043205,63346.8859252823,56.9205559294827,0.700054284875634,1.2451939495328,74.5680788456814,100.000008019771,100.000000317849,155,94-100,18,24,24,24,24,32,24,24,24,493.437441437029,240.000007628371,0.987542353092568,1.0599999996395,0,0,622,0.000383723343435979,0.00849422355327212,100.000000317849,100.000008019771,78.7872884912014,82.4391971785685,8.85604650538685
67,151,80,97,80-97,186,0,1,118,118,24,0,100,6.2266328,0.259443033333333,0.2984202,48540.1886027732,-153.634981765281,-0.315512256905748,63208.2538447214,64.5752004856016,8.35469884099455,14.8605910594823,82.0463781581022,100.000000573924,99.9999999257531,155,94-100,10,24,24,24,24,25,24,24,24,480.816288164288,239.999998218074,0.991426432580465,1.05999999959741,0,0,647,0.000783032400922473,0.0192384683973477,99.9999999257531,100.000000573924,75.8627792046926,79.9515804673234,8.68012179884927
68,162,101,102,101-102,176,0,1,118,118,24,0,100,6.2415009,0.2600625375,0.3056624,48845.4230680068,151.599483468293,0.311332058787903,63438.4148411601,66.8286837078044,10.6081820631973,18.8688854650497,85.6173403630563,100.000000085831,99.9999998003663,155,94-100,20,24,24,24,24,27,24,24,24,481.24210078864,239.999995208791,0.990638918610471,1.05999999964427,0,0,616,0.000533962868220032,0.00571499823308019,99.9999998003663,100.000000085831,75.9798409213039,80.2129062843018,8.67554403105436
69,16,11,13,11-13,151,0,1,118,118,24,0,100,7.0306783,0.292944929166667,0.4298416,48700.7922232514,6.96863871291862,0.014311134759874,63343.8422530113,56.4658205558888,0.2453189112817,0.436351338222597,74.2167027291912,100.00000126192,100.000000052807,155,94-100,18,24,24,24,24,26,24,24,24,481.217076215264,240.000001267371,0.987459558868266,1.05999999951314,0,0,595,0.000280914842140192,0.0301574066138453,100.000000052807,100.00000126192,75.5827333968371,79.2744659367512,8.55352234940221
70,74,53,54,53-54,177,0,1,118,118,24,0,100,7.1201437,0.296672654166667,0.4189119,48698.2363394777,4.41275493919966,0.00906224776441835,63337.0207143613,56.3967747615152,0.176273116908092,0.313538854602165,74.0109415725022,100.000001357273,100.000000222848,155,94-100,15,24,24,24,24,26,24,24,24,481.093654359902,240.000005348352,0.987437665010923,1.05999999789479,0,0,601,0.000386264595124495,0.0293709633046864,100.000000222848,100.000001357273,75.6580350095045,79.269686874001,8.36079600661829
71,27,20,21,20-21,177,0,1,118,118,24,0,100,9.8851844,0.411882683333333,0.6911707,48699.693981292,5.87039675351843,0.0120557317568761,63334.7296767217,56.5176652061292,0.297163561522076,0.52856796511808,74.0279224439729,100.000007893001,100.000000351859,155,94-100,18,24,24,24,24,32,24,24,24,489.011197035648,240.000008444616,0.987490794469892,1.0599999997618,0,0,602,0.000228041688404146,0.00812754375839209,100.000000351859,100.000007893001,77.9999768383962,81.8276624492992,8.33108877685536
72,58,41,42,41-42,151,0,1,118,118,24,0,100,5.4595919,0.227482995833333,0.2531124,48694.794879655,0.97129511647654,0.00199469880361778,63330.7786308147,56.2564350755515,0.0359334309443753,0.063915173100954,73.7933344809615,100.000009729797,100.000000597694,155,94-100,18,24,24,24,24,26,24,24,24,481.104327927681,240.00001434465,0.987421176947182,1.05999999794101,0,0,604,0.000112354723924776,0.00293295035802199,100.000000597694,100.000009729797,75.6954364274244,79.3179520318586,8.29135258607826
73,161,92,102,92-102,176,0,1,118,118,24,0,100,6.3895926,0.266233025,0.3108023,48810.6726268287,116.84904229016,0.239966865792117,63394.7784728585,66.8582917032514,10.6377900586443,18.9215495192308,85.6628818498725,100.00000002835,99.9999998603913,155,94-100,21,24,24,24,24,27,24,24,24,481.248093876735,239.999996649392,0.990661606904901,1.05999999964092,0,0,609,0.000558503424766014,0.00672990324945477,99.9999998603913,100.00000002835,75.9809605409294,80.2159023938745,8.26923682331774
74,127,81,80,81-80,793,0,1,118,118,24,0,100,8.1613851,0.3400577125,0.6144196,48808.6530081975,114.829423658928,0.235819278926762,63542.3753439726,54.143102417038,-2.07739922756906,-3.69509194475203,70.9088956059923,100.000000802889,99.9999999623212,155,94-100,10,24,24,24,24,25,24,24,24,480.816291334871,239.999999095711,1.00018613976569,1.05999999853457,0,0,616,0.00128376394390766,0.0227148199983871,99.9999999623212,100.000000802889,75.3939317027237,79.0187299934519,8.20913979103897
75,10,4,11,4-11,151,0,1,118,118,24,0,100,11.4421928,0.476758033333333,3.8986758,48705.7042396984,11.8806551599191,0.0243986901938247,63350.0127116336,56.6740108739468,0.453509229339687,0.806661655576298,74.4951267508426,100.000008368301,100.000000500902,155,94-100,18,24,24,24,24,26,24,24,24,481.177456503211,240.00001202164,0.987424908940479,1.05999999979271,0,0,594,0.000167549369564588,0.00501998290106753,100.000000500902,100.000008368301,75.5978803651028,79.2419675400209,8.11646580785478
76,137,88,89,88-89,186,0,1,118,118,24,0,100,5.3818345,0.224243104166667,0.2456913,48766.370197426,72.546612887505,0.148985246068334,63424.5037475201,55.9484108710972,-0.272090773509831,-0.483970732295895,73.7057361864814,100.000001437653,100.000000417847,155,94-100,11,24,24,24,24,28,24,24,24,490.161836479455,240.000010028338,0.987539861543473,1.05999999802369,0,0,621,0.000808830758652768,0.0232835811516765,100.000000417847,100.000001437653,75.6041465658007,79.0814413744434,8.08371518006021
77,102,65,66,65-66,793,0,1,118,118,24,0,100,8.3101309,0.346255454166667,0.5155318,48711.1241240471,17.3005395085929,0.0355292278055697,63382.9916734684,56.7983263880907,0.577824743483667,1.02778297343616,75.4786193888005,100.000004109851,100.000000534305,155,94-100,18,24,24,24,24,26,24,24,24,481.048765486085,240.000012823329,0.990338494915155,1.05999999940615,0,0,503,0.00123078917480156,0.0163188185791654,100.000000534305,100.000004109851,75.6222570985828,79.3171523286101,7.71649375217989
78,11,5,11,5-11,152,0,1,118,118,24,0,100,7.8805726,0.328357191666667,0.7891901,48708.621475502,14.7978909635058,0.0303896672599859,63354.7089406699,56.7878709520313,0.567369307424244,1.00918577890112,74.6763780010103,100.000007776432,100.00000031526,155,94-100,18,24,24,24,24,26,24,24,24,481.187347230303,240.000007566245,0.987424639711128,1.05999999978445,0,0,597,0.000159988047579777,0.00410527273801065,100.00000031526,100.000007776432,75.5763436300966,79.2257027550399,7.53508501222175
79,186,76,118,76-118,151,0,1,118,118,24,0,100,4.8885607,0.203690029166667,0.2331997,48690.5817862742,-3.24179826431646,-0.00665751429170127,63323.9255432934,56.2715648992687,0.0510632546615923,0.0908267503274592,73.8791008661964,100.000008229928,100.000000413848,155,94-100,18,24,24,24,24,25,24,24,24,480.816299704452,240.000009932352,0.987373940531578,1.05999999936234,0,0,604,0.000136078373852253,0.00433883820338155,100.000000413848,100.000008229928,75.6021313166177,79.2827418413657,7.4596681860602
80,149,82,96,82-96,150,0,1,118,118,24,0,100,6.2964454,0.262351891666667,0.2929591,48410.4630060236,-283.36057851489,-0.58192304004006,63014.9708714723,59.4122467684036,3.19174512379649,5.67719075858275,78.3573607482012,100.000001147223,100.000000020794,155,94-100,9,24,24,24,24,38,28,28,27,583.854265273641,275.301504876791,0.987293338950435,1.05999999873583,0,0,648,0.000870643202058491,0.00589288454364878,100.000000020794,100.000001147223,75.8466766290723,79.5360466385264,7.35658187364591
81,130,83,84,83-84,122,0,1,118,118,24,0,100,5.3610476,0.223376983333333,0.2582255,48708.7658048396,14.9422203010326,0.0306860689941325,63346.3423697676,55.4911905801946,-0.729311064412443,-1.29723329226537,72.936337414328,100.000007888786,100.000000267159,155,94-100,19,24,24,24,24,26,24,24,24,482.60400229951,240.000006411819,0.987275769771731,1.05999999783075,0,0,594,0.000146986403880639,0.00312724379090223,100.000000267159,100.000007888786,75.6300008499248,79.173082937268,7.14543897763929
82,125,79,80,79-80,175,0,1,118,118,24,0,100,6.4706869,0.269611954166667,0.3518214,48744.6081677219,50.7845831833838,0.104293685410051,63406.7310645073,56.8161119503798,0.595610305772695,1.05941834090665,74.2605610709867,100.000002853264,100.000000489433,155,94-100,11,24,24,24,24,38,27,24,24,552.766006825868,246.92445721294,0.988122825571829,1.05999999948629,0,0,624,0.000347206034364069,0.0118652351287138,100.000000489433,100.000002853264,75.5312504184713,79.1968258333329,6.98449997046482
83,70,49,50,49-50,140,0,1,118,118,24,0,100,5.8774011,0.2448917125,0.2908469,48707.5903403299,13.7667557914101,0.0282720780131577,63350.6150576343,56.7595745874022,0.539072942795173,0.958854736307539,74.5790393177192,100.000001253963,100.000000076625,155,94-100,18,24,24,24,24,26,24,24,24,481.077537757518,240.000001838993,0.98731297364176,1.05999999956185,0,0,598,0.000412686599739653,0.0226418118900218,100.000000076625,100.000001253963,75.6659641812682,79.2918050096947,6.96247238359286
84,132,84,85,84-85,122,0,1,118,118,24,0,100,6.4393493,0.268306220833333,0.3717252,48717.219764292,23.3961797534503,0.0480475305309134,63357.5038659765,55.4950212944906,-0.72548035011647,-1.29041956029231,72.9530800668754,100.000004605937,100.000000208401,155,94-100,18,24,24,24,24,26,24,24,24,483.227797467344,240.000005001635,0.987308931827484,1.05999999958289,0,0,602,0.000235403001891018,0.0120053510546108,100.000000208401,100.000004605937,75.6241098844623,79.1521180187261,6.91375432356999
85,23,17,18,17-18,167,0,1,118,118,24,0,100,6.0427149,0.2517797875,0.409454,48720.1469594401,26.3233749015853,0.0540589605905248,63370.8212969119,57.2951710423088,1.07466939770175,1.91152580689369,75.2976466516523,100.000002759149,100.000000132539,155,94-100,18,24,24,24,24,31,24,24,24,500.023106197543,240.000003180947,0.987450465316852,1.05999999737992,0,0,591,0.000530785939299966,0.0155213190685584,100.000000132539,100.000002759149,75.4513062708193,79.1609676409388,6.84705169758477
86,136,85,89,85-89,168,0,1,118,118,24,0,100,5.4458586,0.226910775,0.2487692,48749.4568303489,55.6332458103861,0.114251134363684,63400.8615039364,55.4442729631865,-0.776228681420548,-1.38068615311797,72.9664463527483,100.000003129872,100.000000597627,155,94-100,15,24,24,24,24,28,24,24,24,488.585411479596,240.000014343046,0.987240288964787,1.05999999918469,0,0,619,0.000744842662635686,0.0140580032695306,100.000000597627,100.000003129872,75.5993953502105,79.0635844489976,6.84571757954149
87,25,19,20,19-20,178,0,1,118,118,24,0,100,6.4036762,0.266819841666667,0.3190501,48693.4565813375,-0.367003200983163,-0.000753695590049526,63328.0287324208,56.2262359935271,0.0057343489200008,0.0101997469824264,73.6869757351622,100.000001347354,100.000000070942,155,94-100,18,24,24,24,24,30,24,24,24,484.585105939679,240.000001702615,0.987424329518991,1.05999999772522,0,0,597,0.000394614388710589,0.0235717275086254,100.000000070942,100.000001347354,76.9723029999446,81.031895418777,6.78864163068932
88,97,64,65,64-65,675,0,1,118,118,24,0,100,6.9807049,0.290862704166667,0.6172752,48716.2673317137,22.4437471751662,0.0460915687514271,63332.4420618738,57.3265327045003,1.10603105989325,1.96730912663307,73.8717904339072,100.000001767662,100.000000115074,155,94-100,13,24,24,24,24,26,24,24,24,481.096135774516,240.000002761772,0.980930406557353,1.05999999854817,0,0,611,0.00145346471141236,0.0181218581122164,100.000000115074,100.000001767662,75.6128959694073,78.7473187860672,6.65563896633277
89,41,23,32,23-32,158,0,1,118,118,24,0,100,5.9436071,0.247650295833333,0.2915837,48703.7518498013,9.92826526280987,0.0203891675205443,63344.291712891,56.5437477746492,0.323246130042094,0.574961305193371,74.4791168175817,100.000007273079,100.000000442248,155,94-100,18,24,24,24,24,32,24,24,24,489.145164071791,240.000010613954,0.98734977880814,1.05999999788081,0,0,598,0.000407548301739906,0.00263966190222198,100.000000442248,100.000007273079,78.5721112859078,81.7998886846387,6.5967384815437
90,157,96,97,96-97,186,0,1,118,118,24,0,100,6.5047469,0.271031120833333,0.3093715,48502.8535134787,-190.970071059797,-0.392185408747476,63159.0036655892,64.8141150613155,8.59361341670846,15.2855509383965,82.3416784558054,100.00000021106,99.9999998961606,155,94-100,12,24,24,24,24,25,24,24,24,480.81628509886,239.999997507854,0.990983565817573,1.05999999818059,0,0,638,0.000576486065684581,0.0111800238987436,99.9999998961606,100.00000021106,75.8604904022251,79.9430800183019,6.53662953295792
91,178,17,113,17-113,151,0,1,118,118,24,0,100,6.2414558,0.260060658333333,0.2877293,48691.3027490702,-2.52083546829817,-0.00517691009399106,63328.0106032762,56.0750883798397,-0.145413264767399,-0.258648109699582,73.617837892453,100.000002248826,100.000000288672,155,94-100,18,24,24,24,24,30,24,24,24,484.158397009993,240.000006928125,0.987181434203658,1.05999999792392,0,0,576,0.000576886127458922,0.0195363373421262,100.000000288672,100.000002248826,76.6161571937935,80.9080681572929,6.50210770330266
92,121,77,78,77-78,151,0,1,118,118,24,0,100,5.450835,0.227118125,0.250125,48685.8685040143,-7.95508052421792,-0.0163369395512901,63324.6673917424,56.3356953749093,0.115193730302259,0.204896304608675,73.5665480519372,100.000003390343,100.000000090116,155,94-100,13,24,24,24,24,25,24,24,24,480.81629209141,240.000002162779,0.987285455723652,1.05999999955371,0,0,607,0.000259952379274949,0.0150294750260112,100.000000090116,100.000003390343,75.6550210590913,79.299573656497,6.3382490903852
93,120,75,77,75-77,141,0,1,118,118,24,0,100,7.2891821,0.303715920833333,0.5317047,48699.5625586849,5.73897414635576,0.0117858359107746,63341.6099536146,56.6319814791639,0.411479834556872,0.731903527218602,74.3109683680892,100.000006560607,100.000000456842,155,94-100,18,24,24,24,24,25,24,24,24,480.816308280187,240.000010964196,0.987503044616941,1.05999999978516,0,0,601,0.000147593243183913,0.0024647328790548,100.000000456842,100.000006560607,75.2978999760812,79.057037805706,5.9640701673056
94,37,8,30,8-30,580,0,1,118,118,24,0,100,6.1962998,0.258179158333333,0.4025597,48704.6126000531,10.7890155145797,0.0221568460234974,63348.0358592886,56.1743343493578,-0.0461672952492478,-0.0821182556162346,73.6572008503523,100.000001946796,100.000000077512,155,94-100,18,24,24,24,24,26,24,24,24,482.084715807676,240.000001860285,0.986731632538228,1.05999999965318,0,0,649,0.00126721692515599,0.0174268349067885,100.000000077512,100.000001946796,75.0902913681569,76.4756955837664,5.94682903974225
95,2,1,3,1-3,151,0,1,118,118,24,0,100,11.7623397,0.4900974875,3.8922452,48707.1808026086,13.3572180700794,0.0274310314672447,63351.3323744652,56.7440015159149,0.523499871307799,0.931154749591273,74.5717832244817,100.000001201755,100.000000052017,155,94-100,18,24,24,24,24,26,24,24,24,481.141463237621,240.000001248418,0.987399221715516,1.05999999966177,0,0,603,0.00031885777931876,0.0186417333010356,100.000000052017,100.000001201755,75.6772676261664,79.2944037237773,5.93335884389177
96,148,80,96,80-96,159,0,1,118,118,24,0,100,6.0492976,0.252054066666667,0.2848498,48520.3839574318,-173.439627106767,-0.356184038013886,63182.4114510271,64.7039241643725,8.48342251976545,15.0895532263171,82.1833804639542,100.000000644172,99.9999999825479,155,94-100,15,24,24,24,24,25,24,24,24,480.816288941383,239.99999958115,0.991432512497016,1.05999999962488,0,0,642,0.000653831094643389,0.00750162279788258,99.9999999825479,100.000000644172,75.862373927379,79.9478152758535,5.92943912476052
97,65,47,49,47-49,150,0,1,118,118,24,0,100,5.80544,0.241893333333333,0.3172788,48701.001306474,7.17772193544806,0.0147405182157993,63334.8167618276,56.4588007735244,0.238299128917362,0.423865177197721,73.7456258514678,100.00000552543,100.000000244225,155,94-100,18,24,24,24,24,25,24,24,24,480.815936302088,240.000005861399,0.986676188918713,1.05999999822777,0,0,587,0.000329106849866033,0.0057738035217525,100.000000244225,100.00000552543,75.5988113534024,79.1557994001351,5.91964327527105
98,59,43,44,43-44,117,0,1,118,118,24,0,100,6.6964922,0.279020508333333,0.4826788,48689.9270306917,-3.89655384682555,-0.00800215214165849,63325.7315923718,56.0592532254455,-0.161248419161552,-0.286814266049901,73.4723822311641,100.000005014462,100.000000217898,155,94-100,18,24,24,24,24,26,24,24,24,481.13105274817,240.000005229545,0.98954290471822,1.05999999944185,0,0,612,0.000815983967197528,0.00752462943187981,100.000000217898,100.000005014462,75.8644838868485,79.5162850668762,5.7203119317963
99,47,35,37,35-37,175,0,1,118,118,24,0,100,5.5021304,0.229255433333333,0.2637065,48697.2466863887,3.42310185015231,0.00702984813712437,63335.0889723522,56.3551082333321,0.134606588725035,0.239426160897564,73.9448592421203,100.00000449571,100.000000716633,155,94-100,15,24,24,24,24,26,24,24,24,481.106852871943,240.000017199196,0.987703680052957,1.05999999788844,0,0,553,0.000292912904173541,0.00788160182690634,100.000000716633,100.00000449571,75.6627710878716,79.2890171529093,5.52337005112386
100,122,78,79,78-79,174,0,1,118,118,24,0,100,5.4917791,0.228824129166667,0.2723723,48716.90285697,23.079272431467,0.0473967142699289,63367.0502552792,56.3917959016574,0.171294257050292,0.304682903993126,73.5888039420059,100.000002998054,100.000000351028,155,94-100,11,24,24,24,24,29,24,24,24,495.910594333351,240.000008424669,0.987826352815142,1.05999999959251,0,0,620,0.000311806769160811,0.0110832033831896,100.000000351028,100.000002998054,75.5736095405291,79.2338118510182,5.50908931762153
101,71,49,51,49-51,140,0,1,118,118,24,0,100,10.1429618,0.422623408333333,0.7119197,48710.8162887057,16.9927041671763,0.0348970422042845,63355.5168141559,56.8860659244398,0.665564279832722,1.18384621332628,74.7783391419165,100.000001255768,100.000000048926,155,94-100,18,24,24,24,24,26,24,24,24,481.061573572563,240.00000117422,0.987311528235092,1.05999999955507,0,0,599,0.000519970618738742,0.0160953819774043,100.000000048926,100.000001255768,75.6673511710323,79.2962066248642,5.48018357286057
102,131,83,85,83-85,154,0,1,118,118,24,0,100,9.6607581,0.4025315875,0.5940687,48732.6630005326,38.8394159940653,0.0797625101808555,63374.6210574478,54.5581966301822,-1.66230501442487,-2.95675948416999,71.8299159712519,100.000002902297,100.00000018289,155,94-100,19,24,24,24,24,28,24,24,24,486.349620098726,240.000004389354,0.98606830703054,1.05999999944268,0,0,645,0.000416533362533816,0.0104096374005405,100.00000018289,100.000002902297,75.5842394333774,79.0093226482132,5.47982821425929
103,96,38,65,38-65,297,0,1,118,118,24,0,100,6.1274011,0.255308379166667,0.3488586,48715.1550782915,21.3314937529285,0.0438073911281466,63374.3737484317,56.8399482166659,0.619446572058848,1.10181615947617,76.3549606681321,100.00000134364,100.000000077453,155,94-100,13,24,24,24,24,25,24,24,24,480.816284768038,240.000001858864,0.989461335587134,1.0599999998254,0,0,694,0.00180143301544443,0.0146394729625923,100.000000077453,100.00000134364,75.0808364734093,78.7494533242241,5.25160015504871
104,139,89,90,89-90,169,0,1,118,118,24,0,100,6.2351538,0.259798075,0.3324441,48729.7775406674,35.9539561288257,0.0738367897242761,63387.1881998795,57.5193803365661,1.29887869195898,2.31032924638369,75.7997441956399,100.00000017373,99.9999999072523,155,94-100,10,24,24,24,24,26,24,24,24,481.258031841748,239.999997774055,0.987241117329706,1.05999999954808,0,0,605,0.00025155388961546,0.0154339338525236,99.9999999072523,100.00000017373,75.6549735426112,79.2567182100284,5.08802570532615
105,49,34,36,34-36,146,0,1,118,118,24,0,100,7.4170812,0.30904505,0.5248819,48695.3590377994,1.53545326087624,0.00315328135653693,63331.665223661,56.2832408795328,0.0627392349257008,0.111594939729107,73.8119410438673,100.000003391484,100.00000049657,155,94-100,15,24,24,24,24,26,24,24,24,481.105124083018,240.000011917676,0.987343866899434,1.05999999924144,0,0,547,0.000322895163271269,0.00968048345189954,100.00000049657,100.000003391484,75.6774423916929,79.2744124125731,5.04095224496684
106,21,15,17,15-17,151,0,1,118,118,24,0,100,5.8189779,0.2424574125,0.3188082,48720.6307052891,26.8071207505564,0.0550524045498622,63369.3522738506,57.3379598970677,1.11745825246066,1.98763479473125,75.3059342148448,100.000002024719,100.000000086216,155,94-100,18,24,24,24,24,26,24,24,24,481.038352963018,240.00000206918,0.987483599902329,1.05999999816456,0,0,595,0.000477155256536937,0.00982357831521852,100.000000086216,100.000002024719,75.6713004586169,79.3322796187995,4.91591843763195
107,72,51,52,51-52,142,0,1,118,118,24,0,100,8.2028608,0.341785866666667,0.7100844,48698.21890387,4.39531933149556,0.00902644115400947,63336.427314874,56.392877584205,0.172375939597913,0.306606904163844,74.0031947094518,100.000001241882,100.000000046341,155,94-100,18,24,24,24,24,26,24,24,24,481.098585709413,240.000001112185,0.987388256387315,1.05999999795592,0,0,601,0.000234609939353538,0.0153838984480466,100.000000046341,100.000001241882,75.6621049203162,79.2816734385196,4.8611722146017
108,124,77,80,77-80,157,0,1,118,118,24,0,100,6.1687127,0.257029695833333,0.2871007,48725.490004183,31.6664196444617,0.0650316966575543,63378.2612112406,56.437851302082,0.217349657474934,0.386602131103152,73.6891011610936,100.000003837996,100.00000056775,155,94-100,11,24,24,24,24,35,25,24,24,520.747052654094,241.732290419765,0.987826851418442,1.05999999947482,0,0,615,0.00020215964861179,0.00291634120331463,100.00000056775,100.000003837996,75.5565827468824,79.2184240307547,4.52418931759918
109,107,68,69,68-69,793,0,1,118,118,24,0,100,5.1978665,0.216577770833333,0.2393511,48698.5643504689,4.74076593040081,0.00973586705954658,63309.0905590512,55.5782919602126,-0.642209684394516,-1.14230514778076,72.8896888700314,100.00000283479,100.000000521561,155,94-100,11,24,24,24,24,25,24,24,24,480.816184664591,240.000012517458,0.991574503673964,1.05999999872306,0,0,581,0.000898506155167808,0.00902080511283199,100.000000521561,100.00000283479,75.9200583252398,79.1187765254477,4.47911733277772
110,135,85,88,85-88,186,0,1,118,118,24,0,100,5.4867504,0.2286146,0.2637774,48722.4160889064,28.5925043678799,0.0587189550195,63363.8873922778,55.3988059478055,-0.821695696801541,-1.46155881353713,72.8587918536974,100.000002631771,100.000000058665,155,94-100,19,24,24,24,24,27,24,24,24,484.319470418646,240.000001407953,0.987495574873345,1.05999999970966,0,0,615,0.000407429347552333,0.00740540666170464,100.000000058665,100.000002631771,75.6212146937711,79.1395847218729,4.35468855196573
111,94,63,64,63-64,687,0,1,118,118,24,0,100,7.3848447,0.3077018625,0.5166202,48695.179646061,1.35606152250693,0.00278487377388355,63334.7883322384,56.1735665631704,-0.0469350814367004,-0.0834839250161736,73.9068107713263,100.000001353652,100.000000045572,155,94-100,18,24,24,24,24,26,24,24,24,481.112306799228,240.000001093719,0.98797005381994,1.05999999828201,0,0,601,0.000226279915823662,0.0129847474884149,100.000000045572,100.000001353652,75.6918409893772,79.4562237561073,4.23567034187062
112,110,70,71,70-71,166,0,1,118,118,24,0,100,12.3802269,0.5158427875,0.7581862,48694.5277225182,0.704137979671941,0.00144605193808506,63330.0253220737,56.1890167361138,-0.0314849084933186,-0.0560025392379949,73.6789080924522,100.000001172885,100.000000056165,155,94-100,18,24,24,24,24,30,24,24,24,481.779630531035,240.00000134797,0.987301472774716,1.05999999957666,0,0,606,0.000228387961770142,0.0127967865587124,100.000000056165,100.000001172885,76.2922539594727,80.2797169187081,4.03800624694009
113,129,82,83,82-83,150,0,1,118,118,24,0,100,5.2597741,0.219157254166667,0.2485434,48750.4805413168,56.6569567782426,0.116353476904271,63391.0514651172,52.1805780430494,-4.0399236015577,-7.18585477428807,69.3368878040601,99.9999999710113,99.9999998662338,155,94-100,1,24,24,24,24,29,24,24,24,498.06087229074,239.999996789612,0.98688123118219,1.05999999809183,0,0,588,0.000704046367218594,0.0119163909517346,99.9999998662338,99.9999999710113,75.5314211786756,78.7871686715722,3.89216778050502
114,111,24,72,24-72,146,0,1,118,118,24,0,100,7.9659724,0.331915516666667,0.5954362,48701.4640668025,7.64048226398882,0.0156908652916196,63338.6934139772,56.4373936640624,0.216892019455344,0.385788125524755,73.9046160783449,100.000000989157,100.000000005528,155,94-100,18,24,24,24,24,30,24,24,24,484.29682951268,240.00000013268,0.987317381591973,1.05999999811954,0,0,618,0.000239876976739601,0.011548239896674,100.000000005528,100.000000989157,76.9794045084738,80.8006484354486,3.80750371321755
115,40,29,31,29-31,146,0,1,118,118,24,0,100,6.3238806,0.263495025,0.3244589,48694.1043303801,0.280745841570024,0.000576553289315254,63331.120227873,56.2643107650683,0.0438091204612476,0.0779237452169728,73.7775444590087,100.00000128237,100.000000223005,155,94-100,18,24,24,24,24,26,24,24,24,481.123191077892,240.000005352116,0.987402801304687,1.05999999768902,0,0,603,0.000174385973318383,0.0111729503286351,100.000000223005,100.00000128237,75.6266629927755,79.5639469569906,3.73829141874204
116,108,69,70,69-70,170,0,1,118,118,24,0,100,5.4502912,0.227095466666667,0.249544,48709.7558764095,15.9322918709368,0.0327193280340294,63365.0225267044,56.8582724298723,0.637770785265189,1.1344096310218,76.0543012739618,100.000000785591,100.000000015956,155,94-100,18,24,24,24,24,28,24,24,24,489.612976262463,240.000000382951,0.987559830612217,1.05999999974136,0,0,595,0.000441341763290889,0.0104248874852604,100.000000015956,100.000000785591,74.8221402499472,78.8238542697664,3.70303463700712
117,105,47,69,47-69,102,0,1,118,118,24,0,100,5.9510952,0.2479623,0.3470526,48693.0415363238,-0.782048214707174,-0.00160605217897798,63327.5460956754,56.2570404571325,0.0365388125254427,0.0649919717124182,73.8098288894729,100.000003760447,100.000000611508,155,94-100,15,24,24,24,24,25,24,24,24,480.816089337315,240.000014676199,0.987075978701037,1.05999999946001,0,0,600,0.000304858125386483,0.00297981163232031,100.000000611508,100.000003760447,75.7529022571557,79.2501173662162,3.65580517460255
118,138,89,90,89-90,151,0,1,118,118,24,0,100,6.1204592,0.255019133333333,0.2788992,48703.2388997894,9.41531525090249,0.0193357484744576,63344.7271915745,56.5839944470177,0.36349280241059,0.64654848636602,74.2958319514154,100.000002809494,100.000000446168,155,94-100,18,24,24,24,24,26,24,24,24,481.114659478079,240.000010708025,0.987363417160737,1.05999999834018,0,0,603,7.86388348207311e-05,0.00444408872140589,100.000000446168,100.000002809494,75.6594042346757,79.2727791316761,3.58236583699547
119,87,55,59,55-59,133,0,1,118,118,24,0,100,8.1750692,0.340627883333333,0.7829481,48720.8264996118,27.0029150732516,0.0554544972759661,63372.1582345006,57.2993106081953,1.07880896358827,1.91888889645252,75.3588320857569,100.000001291459,100.000000076469,155,94-100,18,24,24,24,24,26,24,24,24,481.081970177943,240.000001835263,0.987642933490205,1.05999999965624,0,0,600,0.000361390933465517,0.00657525815177085,100.000000076469,100.000001291459,75.6493519667367,79.235111238733,3.54277824260793
120,143,91,92,91-92,151,0,1,118,118,24,0,100,5.4029289,0.2251220375,0.2710748,48702.4783893962,8.65480485768057,0.0177739274112553,63340.9013668553,56.7770761108444,0.556574466237329,0.989984880881472,74.4352560843267,100.000002267184,100.0000004916,155,94-100,11,24,24,24,24,26,24,24,24,480.935213638458,240.00001179839,0.987404498152475,1.05999999799092,0,0,604,0.000104208644348358,0.00506541142944039,100.0000004916,100.000002267184,75.6698028879344,79.3101073733631,3.38157347701541
121,103,66,67,66-67,176,0,1,118,118,24,0,100,6.9532929,0.2897205375,0.3946854,48693.4538690611,-0.369715477449063,-0.000759265652669872,63330.3208151728,56.1992460134804,-0.0212556311266923,-0.0378076155582137,73.7547563059827,100.000001389074,100.000000166886,155,94-100,18,24,24,24,24,26,24,24,24,481.097602194945,240.000004005265,0.987410734144855,1.0599999979328,0,0,584,0.00015161393644549,0.00905763703344409,100.000000166886,100.000001389074,75.664007347284,79.2861182362435,3.28198826070781
122,168,104,105,104-105,161,0,1,118,118,24,0,100,6.1614132,0.25672555,0.2883277,48702.2816148535,8.45803031494142,0.0173698216576836,63342.8739465541,56.891137618003,0.670635973395953,1.19286728822756,74.7767785415284,100.000001525447,100.000000106736,155,94-100,12,24,24,24,24,28,24,24,24,488.023658703296,240.00000256167,0.987412598512082,1.05999999954463,0,0,624,0.000286608850577681,0.00676932923840501,100.000000106736,100.000001525447,75.6609743204803,79.2775652664461,3.26640566965641
123,144,92,93,92-93,151,0,1,118,118,24,0,100,5.3673825,0.2236409375,0.2571949,48716.1429236038,22.3193390652305,0.0458360782173561,63389.3307221729,50.0639500136356,-6.15655163097148,-10.9507234031627,66.1069219579099,100.000000729434,99.9999999897242,155,94-100,21,24,24,24,24,38,24,24,24,539.050789140505,239.999999753382,0.988271337008808,1.05999999975665,0,0,601,0.00133203169623925,0.00922619845203476,99.9999999897242,100.000000729434,75.5163049545523,78.771463943337,3.21068012423561
124,106,49,69,49-69,87,0,1,118,118,24,0,100,5.3184944,0.221603933333333,0.2593918,48692.4268521415,-1.39673239702825,-0.0028683974562058,63323.9528215821,56.2026420142886,-0.0178596303184548,-0.0317671130566442,73.555364611937,100.000003184874,100.000000532733,155,94-100,15,24,24,24,24,25,24,24,24,480.816029775105,240.0000127856,0.986947719411872,1.05999999945037,0,0,605,0.000358146875211012,0.00303841019246787,100.000000532733,100.000003184874,75.7129968541073,79.2134707084495,3.20814283730722
125,170,105,107,105-107,154,0,1,118,118,24,0,100,6.3851501,0.266047920833333,0.2902562,48696.8689027043,3.04531816577219,0.00625401322302229,63334.444858728,56.4619429961355,0.24144135152838,0.429454281739836,74.1084487238869,100.000001283527,100.000000088685,155,94-100,12,24,24,24,24,25,24,24,24,480.291696944629,240.00000212843,0.987411931124572,1.05999999953975,0,0,600,0.000108116592636896,0.00830237111968479,100.000000088685,100.000001283527,75.6609810509673,79.2776006937736,3.17314788937745
126,171,105,108,105-108,137,0,1,118,118,24,0,100,6.6762849,0.2781785375,0.3239844,48698.5352271094,4.71164257088094,0.0096760579146161,63337.0490186958,56.5940800992605,0.373578454653469,0.664487942521417,74.3149319830387,100.000001445793,100.000000075757,155,94-100,12,24,24,24,24,29,24,24,24,499.94673427649,240.000001818167,0.987411718381119,1.05999999953244,0,0,599,0.000169287751821043,0.00741444204465713,100.000000075757,100.000001445793,75.6609761729327,79.2775812555588,3.16859259110697
127,117,74,75,74-75,151,0,1,118,118,24,0,100,6.1410234,0.255875975,0.3102749,48701.808412748,7.98482820951904,0.0163980308419535,63345.2308682254,56.5261113636971,0.305609719090029,0.543591234781066,74.3198024643681,100.000001120142,100.000000157548,155,94-100,18,24,24,24,24,25,24,24,24,480.816301057233,240.000003781145,0.987464700059971,1.05999999978197,0,0,599,0.000161206348766565,0.00806297309556192,100.000000157548,100.000001120142,75.254791469401,79.0339564958019,3.10371258359971
128,84,54,59,54-59,125,0,1,118,118,24,0,100,6.3998277,0.2666594875,0.3216132,48718.4522772141,24.6286926755856,0.0505786789012926,63368.4251363189,57.2043326631747,0.983831018567656,1.74995062261603,75.212223285262,100.000001282254,100.000000082471,155,94-100,18,24,24,24,24,26,24,24,24,481.081045398617,240.000001979297,0.98763156096921,1.05999999964608,0,0,600,0.000342364718886866,0.00494964855261015,100.000000082471,100.000001282254,75.649876881529,79.2370270332866,3.05671244587218
129,64,46,48,46-48,148,0,1,118,118,24,0,100,5.3845139,0.224354745833333,0.2698801,48694.2549659959,0.431381457405223,0.000885905902739988,63331.0578821106,56.2313995749271,0.0108979303200059,0.0193842637493635,73.7789503292273,100.000002146391,100.000000128283,155,94-100,19,24,24,24,24,26,24,24,24,481.083931147933,240.000003078789,0.98763638436595,1.05999999838173,0,0,585,0.000206566563798817,0.0055476736193989,100.000000128283,100.000002146391,75.6619797699336,79.2855356752841,3.02645696993102
130,169,105,106,105-106,164,0,1,118,118,24,0,100,6.4389646,0.268290191666667,0.3199994,48693.9653674259,0.141782887338195,0.000291172220419377,63329.9942267004,56.2317441554144,0.0112425108073495,0.0199971727011937,73.75556497091,100.000001279188,100.000000056856,155,94-100,12,24,24,24,24,26,24,24,24,481.249297973679,240.000001364537,0.987411862591901,1.0599999995344,0,0,600,5.61237987616078e-05,0.00815392941105553,100.000000056856,100.000001279188,75.660975342076,79.277584142194,2.98387036450773
131,82,56,58,56-58,140,0,1,118,118,24,0,100,5.9763467,0.249014445833333,0.3207799,48694.1202567165,0.29667217793758,0.000609260386838426,63330.2549122652,56.2316733593568,0.0111717147497501,0.0198712470058896,73.7513307325997,100.00000125967,100.000000055165,155,94-100,18,24,24,24,24,26,24,24,24,481.106363938167,240.00000132397,0.987409512397598,1.05999999956508,0,0,600,0.00010329064414,0.00788322183200441,100.000000055165,100.00000125967,75.6606625089919,79.2757802818105,2.90551100294114
132,112,71,72,71-72,159,0,1,118,118,24,0,100,5.304291,0.221012125,0.2565578,48696.1405191827,2.3169346441864,0.00475816946304066,63331.846484747,56.244251166471,0.0237495218639481,0.0422435253496644,73.7126831994288,100.000001144218,100.000000049742,155,94-100,18,24,24,24,24,30,24,24,24,482.62301456093,240.000001193797,0.987304525278646,1.05999999817007,0,0,608,0.000155738470930477,0.0080724404538346,100.000000049742,100.000001144218,76.5229326123428,80.4544414086669,2.90355386400778
133,20,12,16,12-16,164,0,1,118,118,24,0,100,5.4191237,0.225796820833333,0.2777719,48694.7482582436,0.924673705070745,0.00189895480987521,63329.8877186333,56.2632946248919,0.0427929802848439,0.0761163259541082,73.7526367865044,100.000001398479,100.000000065769,155,94-100,12,24,24,24,24,26,24,24,24,481.091849889241,240.000001578462,0.987368841481993,1.05999999953436,0,0,600,8.82374788203199e-05,0.00731046086182774,100.000000065769,100.000001398479,75.7226174021889,79.4685472824108,2.89827838824842
134,172,106,107,106-107,154,0,1,118,118,24,0,100,6.2752617,0.2614692375,0.3007085,48696.9006161951,3.0770316565613,0.00631914158726762,63334.4726577821,56.4644637895307,0.243962144923628,0.433938043573168,74.1106528905947,100.000001316093,100.000000092583,155,94-100,12,24,24,24,24,26,24,24,24,482.469292446473,240.000002221984,0.98741199174144,1.05999999953997,0,0,600,6.69622141540277e-05,0.00703066932042185,100.000000092583,100.000001316093,75.6609814125226,79.2776004741921,2.89017531833705
135,119,69,77,69-77,150,0,1,118,118,24,0,100,11.8308868,0.492953616666667,0.8156325,48660.5090234573,-33.3145610811989,-0.0684163999225912,63268.5652596319,56.4354106979987,0.214909053391672,0.382261002845902,75.6984945742348,100.000000648285,100.000000069749,155,94-100,21,24,24,24,24,25,24,24,24,480.816106944473,240.000001673973,0.987116404029935,1.05999999736747,0,0,629,0.000693778585857163,0.00938119683199656,100.000000069749,100.000000648285,75.8573047356377,79.3634757312423,2.87757810211985
136,123,77,80,77-80,141,0,1,118,118,24,0,100,5.3951446,0.224797691666667,0.2547884,48769.7093913105,75.8858067720139,0.155842776733823,63441.3307357717,56.2471802028252,0.0266785582181015,0.0474534332453091,73.2410212524628,100.000000445998,99.9999998952609,155,94-100,10,24,24,24,24,25,24,24,24,480.816287267974,239.999997486262,0.987949702407658,1.05999999934993,0,0,634,0.00048036979946464,0.0046694326845409,99.9999998952609,100.000000445998,75.4232241235408,79.106880774597,2.85003182067807
137,173,108,109,108-109,138,0,1,118,118,24,0,100,6.3950652,0.26646105,0.3027703,48697.9054858915,4.0819013529981,0.00838279077820088,63336.0561925563,56.5441528372862,0.323651192679108,0.575681794383552,74.2362107097503,100.000001427044,100.000000073115,155,94-100,12,24,24,24,24,29,24,24,24,498.55988162761,240.000001754751,0.987411591809556,1.05999999951175,0,0,599,0.000154300089734344,0.00627020068436734,100.000000073115,100.000001427044,75.660974761448,79.2775764446334,2.84276149120705
138,44,15,33,15-33,150,0,1,118,118,24,0,100,5.3133233,0.221388470833333,0.270955,48692.5426397932,-1.28094474528916,-0.00263061031357557,63327.3439411759,56.1733947223143,-0.0471069222927554,-0.0837895801615888,73.676626379728,100.000001517335,100.000000239997,155,94-100,15,24,24,24,24,26,24,24,24,480.993211406545,240.000005759918,0.98710531718351,1.05999999815417,0,0,602,0.000386464137015977,0.00653991965857603,100.000000239997,100.000001517335,75.6455511589254,79.2517153233656,2.76798819469626
139,18,13,15,13-15,115,0,1,118,118,24,0,100,5.3214771,0.2217282125,0.241183,48694.9283155135,1.10473097499926,0.00226872916044744,63330.4920571372,56.270560721908,0.0500590773008938,0.0890406094512244,73.7802398139058,100.000001282285,100.000000226466,155,94-100,12,24,24,24,24,26,24,24,24,481.087536865042,240.000005435174,0.987379981556133,1.05999999806073,0,0,601,0.000112067786699625,0.00703374336625995,100.000000226466,100.000001282285,75.7165241888774,79.4356924633748,2.74703991639876
140,109,24,70,24-70,72,0,1,118,118,24,0,100,5.3641767,0.2235073625,0.2591868,48709.4135857989,15.5900012603379,0.0320163834192887,63337.6071572019,56.945184268971,0.724682624363972,1.28900063707184,73.7281323961954,100.00000125858,100.000000052309,155,94-100,18,24,24,24,24,30,24,24,24,484.536374462742,240.000001255417,0.98717264428645,1.05999999956965,0,0,606,0.00037139777662495,0.00467296580769561,100.000000052309,100.00000125858,76.8763494692021,80.9034887321595,2.69914875980717
141,17,12,14,12-14,151,0,1,118,118,24,0,100,5.5137028,0.229737616666667,0.2530957,48694.1974682053,0.373883666819893,0.000767825648710425,63331.143766363,56.2241961954673,0.00369455086020309,0.00657153663188185,73.7638227508408,100.000001403715,100.000000077836,155,94-100,18,24,24,24,24,26,24,24,24,481.142814540311,240.00000186806,0.987411098759434,1.05999999950432,0,0,600,8.06299134901765e-05,0.00654655504455848,100.000000077836,100.000001403715,75.6705242063077,79.38233285005,2.6897382039665
142,146,93,94,93-94,151,0,1,118,118,24,0,100,6.1318975,0.255495729166667,0.2852649,48659.7990464699,-34.0245380686247,-0.0698744431304596,63317.5358331583,50.5237952396118,-5.69670640499523,-10.1327918434568,66.743053719102,100.000000034592,99.9999999018024,155,94-100,22,24,24,24,24,38,24,24,24,535.89182322166,239.999997643258,0.987772552975405,1.05999999959452,0,0,572,0.00125808390009393,0.0108084734870759,99.9999999018024,100.000000034592,75.5164556702294,78.7758414240827,2.65806382977028
143,81,50,57,50-57,140,0,1,118,118,24,0,100,6.5609515,0.273372979166667,0.5806223,48697.9567901025,4.13320556395047,0.00848815159642313,63335.7756093548,56.3790580081737,0.158556363566603,0.282025878333323,73.9843903214301,100.000001263676,100.000000065339,155,94-100,18,24,24,24,24,26,24,24,24,481.085726990017,240.000001568139,0.987341985814211,1.0599999982203,0,0,611,0.00016542887526673,0.0062325522140998,100.000000065339,100.000001263676,75.6642125553361,79.2876934533401,2.6376530767174
144,114,70,74,70-74,151,0,1,118,118,24,0,100,5.4194297,0.225809570833333,0.2884733,48698.3165182193,4.49293368081271,0.00922690672054623,63333.7275344079,56.4620133850061,0.241511740399019,0.429579483167394,73.9769722716779,100.000001154347,100.000000040838,155,94-100,18,24,24,24,24,26,24,24,24,482.150092919293,240.00000098011,0.987418730853558,1.05999999954986,0,0,617,0.0001961651616179,0.00606875511226446,100.000000040838,100.000001154347,75.8302361907929,79.4791363652636,2.55462570626337
145,145,92,94,92-94,151,0,1,118,118,24,0,100,6.264059,0.261002458333333,0.2967643,48688.2006092557,-5.6229752827785,-0.01154761501326,63353.9107420862,50.2822149863964,-5.93828665821072,-10.5624931910944,66.4016724426479,100.00000032983,99.9999999434607,155,94-100,22,24,24,24,24,38,24,24,24,538.033661884109,239.999998643056,0.988300836558734,1.05999999970363,0,0,593,0.00125457912113905,0.00918342182323628,99.9999999434607,100.00000032983,75.5173464309976,78.7733172604163,2.49108336966605
146,63,46,47,46-47,152,0,1,118,118,24,0,100,7.5430776,0.3142949,0.5451478,48695.3807075186,1.55712298011349,0.00319778334393916,63332.9405037322,56.2940666305668,0.0735649859597345,0.130850817420252,73.910818675274,100.000001318135,100.000000075725,155,94-100,18,24,24,24,24,26,24,24,24,481.113368219396,240.000001817395,0.98638301803014,1.05999999957391,0,0,597,0.000315036766701116,0.00573424189746663,100.000000075725,100.000001318135,75.6564515189548,79.2022503821325,2.47628094985076
147,140,90,91,90-91,151,0,1,118,118,24,0,100,11.9665104,0.4986046,0.7517091,48698.3424439565,4.51885941794899,0.00928014907291822,63335.1474414098,56.5611390249502,0.340637380343139,0.605895305766655,74.1350408247554,100.000001691575,100.000000288998,155,94-100,11,24,24,24,24,26,24,24,24,480.987646816976,240.00000693594,0.987378695358549,1.05999999790825,0,0,604,8.07918549832732e-05,0.00375789528120007,100.000000288998,100.000001691575,75.6678879106131,79.3030511565207,2.45080586108489
148,46,35,36,35-36,176,0,1,118,118,24,0,100,5.8995905,0.245816270833333,0.3503181,48693.9806315874,0.157047048880486,0.000322519443575493,63329.9077894502,56.2263198659482,0.00581822134114418,0.010348931743661,73.7404448551611,100.000002203264,100.000000216458,155,94-100,18,24,24,24,24,26,24,24,24,481.105105139542,240.000005194998,0.987487277821369,1.059999999293,0,0,593,7.96447560188236e-05,0.00295558552987685,100.000000216458,100.000002203264,75.6608480219287,79.2825993598808,2.43190147628939
149,80,56,57,56-57,140,0,1,118,118,24,0,100,5.8557206,0.243988358333333,0.3239429,48694.5672497421,0.743665203553974,0.00152722696393492,63330.6104495484,56.2462571886138,0.0257555440066994,0.0458116581198632,73.7730648330819,100.000001279135,100.000000056523,155,94-100,12,24,24,24,24,26,24,24,24,481.090415536835,240.000001356547,0.987370734901902,1.05999999956903,0,0,606,7.51691923943982e-05,0.00560137654182435,100.000000056523,100.000001279135,75.6627515858098,79.2832006519238,2.37879430758249
150,181,27,115,27-115,175,0,1,118,118,24,0,100,6.532547,0.272189458333333,0.3050163,48696.5835374163,2.75995287773549,0.00566797321418776,63332.774313066,56.3294798220285,0.108978177421406,0.193840635059256,73.8504157517275,100.000001369167,100.000000230166,155,94-100,15,24,24,24,24,26,24,24,24,481.113647652992,240.000005523984,0.987415724662722,1.05999999956051,0,0,598,0.000105482173164125,0.00477853971400544,100.000000230166,100.000001369167,75.9260810639174,79.5307021168347,2.31955248851426
151,15,7,12,7-12,164,0,1,118,118,24,0,100,5.9181032,0.246587633333333,0.347181,48697.9768752143,4.15329067575658,0.00852939935707852,63337.945892988,56.3647641461896,0.144262501582503,0.256601235069807,74.0144630997173,100.000001259729,100.000000053967,155,94-100,18,24,24,24,24,26,24,24,24,481.169992453499,240.000001295202,0.98743268715592,1.05999999954228,0,0,615,0.000157471070272227,0.0048188952188235,100.000000053967,100.000001259729,75.6662446714466,79.2783987073593,2.28441921213947
152,19,14,15,14-15,144,0,1,118,118,24,0,100,8.0930122,0.337208841666667,0.7217253,48694.2875523903,0.46396785179968,0.000952826904205159,63329.7134929775,56.2430181670321,0.0225165224250503,0.0400503762264281,73.7446949670845,100.000001354953,100.000000119494,155,94-100,12,24,24,24,24,26,24,24,24,481.092267238304,240.000002867846,0.987383930023259,1.05999999776419,0,0,602,8.38645319730859e-05,0.00484742567340679,100.000000119494,100.000001354953,75.7300911429495,79.4518174243065,2.24750856353187
153,179,32,113,32-113,139,0,1,118,118,24,0,100,4.6806306,0.195026275,0.2193645,48690.5374388462,-3.28614569236379,-0.00674858832282626,63326.1972922381,56.0686940285571,-0.151807616049965,-0.270021809854354,73.5639702102977,100.000001457904,100.000000188841,155,94-100,18,24,24,24,24,30,24,24,24,484.782361500305,240.000004532175,0.98733495325157,1.05999999944846,0,0,598,0.000385090518972207,0.0045360650122388,100.000000188841,100.000001457904,76.8400079902976,81.0690371893177,2.23362441997483
154,180,32,114,32-114,176,0,1,118,118,24,0,100,6.0749311,0.253122129166667,0.291259,48693.9474851286,0.123900590100675,0.000254448266699714,63330.023188685,56.2254077450953,0.00490610048825602,0.00872653275004463,73.7453830659972,100.000001250723,100.000000069604,155,94-100,18,24,24,24,24,26,24,24,24,481.106861227002,240.000001670506,0.987411765368358,1.05999999949742,0,0,601,7.17282948576096e-05,0.00509135451166198,100.000000069604,100.000001250723,75.647296992156,79.3295927014529,2.21253893263218
155,175,109,110,109-110,138,0,1,118,118,24,0,100,6.4664568,0.2694357,0.3102263,48695.7625730649,1.93898852638813,0.00398200096778559,63332.719322661,56.3742420341959,0.153740389588826,0.273459654559261,73.9716335994642,100.000001349147,100.000000057977,155,94-100,12,24,24,24,24,29,24,24,24,493.130627771225,240.000001391447,0.987411437740751,1.05999999953147,0,0,599,0.000111386092121365,0.00423052038216332,100.000000057977,100.000001349147,75.6609739638319,79.2775798206769,2.17482452938515
156,86,56,59,56-59,117,0,1,118,118,24,0,100,9.3273208,0.388638366666667,0.6046195,48706.3954124352,12.5718278966378,0.0258181160795713,63350.4313335782,56.7142588005643,0.49375715595724,0.878251067694989,74.5286799599023,100.000001447565,100.000000113556,155,94-100,10,24,24,24,24,26,24,24,24,481.214086542214,240.00000272534,0.987488217615808,1.05999999844412,0,0,599,0.000148112011996219,0.00213623305777744,100.000000113556,100.000001447565,75.6584166921321,79.2657331436177,2.07551246324742
157,142,89,92,89-92,166,0,1,118,118,24,0,100,5.4682255,0.227842729166667,0.2446192,48692.7319530509,-1.09163148758671,-0.00224182741717027,63328.6356340126,56.245345905137,0.0248442605299601,0.044190748576046,73.7066897384525,100.000002176706,100.000000171045,155,94-100,15,24,24,24,24,26,24,24,24,481.060460327049,240.000004105084,0.987440763112203,1.05999999956254,0,0,603,9.7170665378114e-05,0.00153779997092363,100.000000171045,100.000002176706,75.6641441885505,79.2897269107219,2.07111321709424
158,85,56,59,56-59,112,0,1,118,118,24,0,100,5.7581756,0.239923983333333,0.291023,48706.2963672146,12.4727826761155,0.0256147120064646,63350.154939129,56.711425528931,0.490923884323934,0.873211497519651,74.5176905701191,100.000001424282,100.000000112139,155,94-100,10,24,24,24,24,26,24,24,24,481.200058022043,240.000002691333,0.987491814603313,1.05999999844549,0,0,599,0.000148535821721446,0.00216793747807742,100.000000112139,100.000001424282,75.6580715442085,79.2648629731628,2.06220355225626
159,12,11,12,11-12,151,0,1,118,118,24,0,100,11.5638936,0.4818289,3.9573751,48699.7031103274,5.87952578889235,0.0120744795870975,63339.9707727283,56.4439487048343,0.223447060227201,0.397447645771114,74.1194154333223,100.000001345651,100.000000075132,155,94-100,18,24,24,24,24,26,24,24,24,481.146600086208,240.000001803161,0.987417890082213,1.05999999953517,0,0,588,0.000179344131646273,0.00329580624070935,100.000000075132,100.000001345651,75.5726883866997,79.2343414768285,2.04445915073252
160,92,61,62,61-62,176,0,1,118,118,24,0,100,5.2718344,0.219659766666667,0.2530457,48701.2784548508,7.45487031227822,0.0153096835768825,63339.6964978713,56.5246058410141,0.30410419640706,0.540913345685579,74.1254787259724,100.000001263339,100.000000049017,155,94-100,18,24,24,24,24,26,24,24,24,481.17648287118,240.000001176415,0.98749103510318,1.0599999995917,0,0,599,7.05933522304016e-05,0.00327253056070975,100.000000049017,100.000001263339,75.6587639670008,79.264239387098,2.03739356398863
161,42,31,32,31-32,151,0,1,118,118,24,0,100,10.1430612,0.42262755,0.722723,48694.5189336149,0.695349076391722,0.00142800261964335,63329.378160887,56.1558619312874,-0.064639713319707,-0.114975340718803,73.7304269755798,100.000001439375,100.000000151667,155,94-100,12,24,24,24,24,28,24,24,24,481.511119458245,240.000003640014,0.987402513537139,1.05999999754356,0,0,594,0.000111860735199143,0.00362072430587612,100.000000151667,100.000001439375,76.5989836535304,80.2321321919077,2.00865475931035
162,73,52,53,52-53,166,0,1,118,118,24,0,100,5.4009288,0.2250387,0.2741525,48694.0919417408,0.268357202294283,0.000551111378280617,63330.0308454558,56.2302537626038,0.00975211799667619,0.0173461952693402,73.7455740593004,100.00000127585,100.000000056924,155,94-100,12,24,24,24,24,26,24,24,24,481.098843734828,240.000001366188,0.987402218894122,1.05999999955401,0,0,600,6.08601280701626e-05,0.00406702917417312,100.000000056924,100.00000127585,75.6611231947549,79.2788622207791,1.98707783062407
163,45,19,34,19-34,114,0,1,118,118,24,0,100,7.5226275,0.3134428125,0.4872961,48692.1607339201,-1.66285061844974,-0.00341491075467266,63326.941634706,56.1497756429608,-0.0707260016462712,-0.12580108604039,73.6756242220014,100.000001750659,100.000000233214,155,94-100,15,24,24,24,24,26,24,24,24,480.98912388535,240.000005597126,0.987141522137854,1.0599999994213,0,0,590,0.000387390402806952,0.0025718776585586,100.000000233214,100.000001750659,75.636581512422,79.2583170421746,1.98208217521046
164,101,62,67,62-67,176,0,1,118,118,24,0,100,6.0416551,0.251735629166667,0.3711567,48694.9372487451,1.11366420661943,0.00228707487857464,63330.7253776927,56.2691650563741,0.0486634117670235,0.0865581244270016,73.7728588500048,100.000001348993,100.000000071911,155,94-100,18,24,24,24,24,26,24,24,24,481.157882135606,240.000001725872,0.987476438723484,1.05999999817969,0,0,598,7.34091981930278e-05,0.00334933008278071,100.000000071911,100.000001348993,75.6593152734525,79.2724544361738,1.90058306689576
165,35,28,29,28-29,165,0,1,118,118,24,0,100,5.4548759,0.227286495833333,0.2447022,48695.9895111467,2.16592660820606,0.00444805202952639,63330.8395356737,56.232334644281,0.0118329996738851,0.0210474814840435,73.7848454222337,100.000001393977,100.000000139266,155,94-100,12,24,24,24,24,26,24,24,24,481.087362877662,240.000003342378,0.987419606032406,1.05999999780393,0,0,594,7.50766401458904e-05,0.00292083638719554,100.000000139266,100.000001393977,76.3434557284691,79.9944520473746,1.83423804971608
166,24,18,19,18-19,173,0,1,118,118,24,0,100,5.9923348,0.249680616666667,0.3174733,48697.0111946221,3.18761008359434,0.00654623081315487,63334.7920796213,56.3565978632597,0.136096218652639,0.242075781381247,73.9101466308513,100.000001230061,100.00000005137,155,94-100,18,24,24,24,24,26,24,24,24,481.128120012771,240.000001232887,0.987458419496569,1.05999999974719,0,0,603,0.000145925706495836,0.00297522783265558,100.00000005137,100.000001230061,75.5728860265858,79.2040786659488,1.79142871059299
167,141,89,92,89-92,186,0,1,118,118,24,0,100,7.5439254,0.314330225,0.4580105,48690.6930414116,-3.13054312688473,-0.00642903534048773,63330.2611571944,56.0819199765902,-0.138581668016826,-0.246496676413273,73.2339512170585,100.000000787612,100.00000004548,155,94-100,11,24,24,24,24,26,24,24,24,481.470796561697,240.000001091512,0.987461341826852,1.05999999856123,0,0,587,0.000394061530813806,0.00464629245342274,100.00000004548,100.000000787612,75.6716933642931,79.3298709412427,1.74060142771047
168,115,70,75,70-75,151,0,1,118,118,24,0,100,5.3602511,0.223343795833333,0.2493073,48694.1637074276,0.340122889101622,0.000698492876639942,63328.2564172627,56.3022196232128,0.0817179786057309,0.145352631540544,73.7711366126667,100.000001370535,100.000000078716,155,94-100,12,24,24,24,24,26,24,24,24,481.444454123311,240.000001889177,0.987382049053702,1.05999999956165,0,0,614,0.000133864761704976,0.00259432624706801,100.000000078716,100.000001370535,75.7137905210589,79.4148536346708,1.7335300299246
169,75,49,54,49-54,99,0,1,118,118,24,0,100,5.7368843,0.239036845833333,0.3461055,48700.307320422,6.4837358835066,0.0133153147693363,63339.7009650794,56.4611723413147,0.240670696707667,0.428083509871623,74.1482727951185,100.000001246503,100.00000006883,155,94-100,18,24,24,24,24,26,24,24,24,481.142051535605,240.000001651914,0.987270089745722,1.05999999803502,0,0,599,0.000189320084449424,0.00198766320528021,100.00000006883,100.000001246503,75.6689320557793,79.3044708671136,1.66693629833677
170,83,51,58,51-58,140,0,1,118,118,24,0,100,5.9809724,0.249207183333333,0.3061078,48694.3082304885,0.484645949996775,0.000995292450500153,63330.3742717023,56.2384403794893,0.0179387348822075,0.0319078171795863,73.7612833101221,100.000001270745,100.000000056856,155,94-100,12,24,24,24,24,26,24,24,24,481.099704610117,240.000001364551,0.987392894074229,1.05999999956104,0,0,600,4.61542228443748e-05,0.0027384240593622,100.000000056856,100.000001270745,75.6617603843523,79.2792650738994,1.66673162473267
171,98,49,66,49-66,186,0,1,118,118,24,0,100,5.6464318,0.235267991666667,0.2941831,48696.7672324018,2.94364786324149,0.00604521815406621,63339.4864627489,56.3099640590829,0.0894624144757756,0.159127741408827,74.0188114451861,100.000001310557,100.000000074632,155,94-100,18,24,24,24,24,26,24,24,24,480.89675919106,240.000001791178,0.987212558471657,1.05999999844335,0,0,599,0.000186814239186217,0.00195541346049244,100.000000074632,100.000001310557,75.658647921184,79.2678850997215,1.58119142242948
172,99,49,66,49-66,186,0,1,118,118,24,0,100,5.7890652,0.24121105,0.3152748,48696.7672324018,2.94364786324149,0.00604521815406621,63339.4864627489,56.3099640590829,0.0894624144757756,0.159127741408827,74.0188114451861,100.000001310557,100.000000074632,155,94-100,18,24,24,24,24,26,24,24,24,480.89675919106,240.000001791178,0.987212558471657,1.05999999844335,0,0,599,0.000186814239186217,0.00195541346049244,100.000000074632,100.000001310557,75.658647921184,79.2678850997215,1.58119142242948
173,88,59,60,59-60,176,0,1,118,118,24,0,100,5.4930542,0.228877258333333,0.2575483,48693.6387449868,-0.184839551700861,-0.000379595476580221,63329.4426522603,56.2069824566508,-0.0135191879562768,-0.0240467223891689,73.7237948320121,100.000001327494,100.000000092785,155,94-100,18,24,24,24,24,26,24,24,24,481.141327569566,240.000002226841,0.987326455025718,1.05999999852428,0,0,601,8.9260550029289e-05,0.00226197513290316,100.000000092785,100.000001327494,75.6635325530279,79.2885764745165,1.57836172412266
174,76,49,54,49-54,97,0,1,118,118,24,0,100,5.341747,0.222572791666667,0.2677173,48699.3901294682,5.56654492969392,0.0114317269007017,63338.1100545593,56.4302257380518,0.209724093444763,0.373038459831815,74.0812772909202,100.000001254266,100.000000058921,155,94-100,18,24,24,24,24,26,24,24,24,481.112464493933,240.000001414096,0.987300574386648,1.05999999801706,0,0,600,0.000154300915760388,0.00160187787275867,100.000000058921,100.000001254266,75.6665721336761,79.2962964565471,1.54940047956888
175,89,59,61,59-61,176,0,1,118,118,24,0,100,5.3266628,0.221944283333333,0.2576554,48693.7189768248,-0.104607713685255,-0.000214827479102442,63329.8704955438,56.2044231186335,-0.0160785259735974,-0.0285990439488362,73.7406100569173,100.000001326162,100.000000052218,155,94-100,18,24,24,24,24,26,24,24,24,481.161944303781,240.000001253241,0.987324268496171,1.05999999850422,0,0,601,9.17901742942261e-05,0.00197039353496353,100.000000052218,100.000001326162,75.6651555727825,79.2947419128394,1.50628006636804
176,182,114,115,114-115,175,0,1,118,118,24,0,100,6.0910959,0.2537956625,0.2942989,48693.9801978758,0.156613337225281,0.000321628752265429,63329.7113159316,56.2267399529177,0.00623830831064254,0.0110961448726969,73.7319780321894,100.000001278735,100.000000058722,155,94-100,12,24,24,24,24,26,24,24,24,481.108178677692,240.000001409323,0.987413224383116,1.05999999954959,0,0,600,2.14790822982901e-05,0.00198247710574773,100.000000058722,100.000001278735,75.7230503821524,79.3840499990716,1.47789181635022
177,166,103,105,103-105,145,0,1,118,118,24,0,100,6.3421675,0.264256979166667,0.3075716,48695.9919842694,2.16839973085007,0.00445313095424815,63333.0567992522,56.392431083961,0.171929439353875,0.305812709464443,73.9983916130905,100.000001259574,100.000000216679,155,94-100,18,24,24,24,24,25,24,24,24,480.291700248879,240.000005200292,0.987412112835451,1.0599999995567,0,0,610,6.80006583238213e-05,0.00158823588525436,100.000000216679,100.000001259574,75.6609890276665,79.2775858153736,1.47335099577828
178,100,62,66,62-66,132,0,1,118,118,24,0,100,6.6330914,0.276378808333333,0.3278194,48693.3352253236,-0.488359214927186,-0.00100291819162513,63329.0825772976,56.2006547845405,-0.0198468600665933,-0.0353018195960852,73.70865744313,100.000001380018,100.000000047236,155,94-100,18,24,24,24,24,26,24,24,24,481.137974304475,240.000001133655,0.987523776559446,1.05999999809814,0,0,599,6.53033440498339e-05,0.00116875493345958,100.000000047236,100.000001380018,75.661160166012,79.2815915956446,1.35271951925109
179,165,103,104,103-104,153,0,1,118,118,24,0,100,6.5598138,0.273325575,0.3144673,48694.9642076525,1.14062311399903,0.00234243899951451,63331.4546443821,56.3109518128651,0.0904501682580658,0.160884669492703,73.8713592228301,100.000001279422,100.000000248646,155,94-100,15,24,24,24,24,25,24,24,24,480.291700885008,240.000005967505,0.987412001821055,1.0599999995441,0,0,609,4.95084957366656e-05,0.00118330789543908,100.000000248646,100.000001279422,75.6609846240169,79.2775890651211,1.33707596267454
180,57,40,42,40-42,151,0,1,118,118,24,0,100,10.3071124,0.429463016666667,0.6727756,48693.8187774787,-0.00480705982772633,-9.87201142539296e-06,63329.6556858397,56.21925793246,-0.0012437121470299,-0.00221220393032405,73.72682249253,100.000001301053,100.000000219395,155,94-100,15,24,24,24,24,26,24,24,24,481.110606076655,240.000005265473,0.987403763403629,1.05999999957761,0,0,600,4.80712063273022e-05,0.00105503024214038,100.000000219395,100.000001301053,75.6766328186774,79.3089343790415,1.2637638129532
181,26,15,19,15-19,151,0,1,118,118,24,0,100,5.853788,0.243907833333333,0.2886773,48693.7905515037,-0.033033034807886,-6.7838243900762e-05,63329.4934969896,56.216825540559,-0.00367610404808261,-0.00653872509235292,73.7247076272559,100.000001278376,100.000000072754,155,94-100,12,24,24,24,24,26,24,24,24,481.112208733867,240.000001746088,0.987406724372079,1.05999999888176,0,0,600,5.72431632833066e-05,0.000989049730231395,100.000000072754,100.000001278376,75.6283647005561,79.3513891296267,1.23009774708839
182,91,60,62,60-62,176,0,1,118,118,24,0,100,5.647036,0.235293166666667,0.3226067,48695.0810353412,1.25745080263005,0.00258236201239559,63331.1547369825,56.2741844984424,0.0536828538352978,0.095486259042385,73.7890906440888,100.000001251298,100.000000056702,155,94-100,18,24,24,24,24,26,24,24,24,481.117070043165,240.000001360853,0.987423143809204,1.05999999955948,0,0,600,1.98969769480666e-05,0.000850686059274519,100.000000056702,100.000001251298,75.6598599053374,79.2726004099235,1.22068311564789
183,79,55,56,55-56,146,0,1,118,118,24,0,100,5.3012045,0.220883520833333,0.2514404,48693.7510596829,-0.0725248556118459,-0.000148940564270813,63329.4871046311,56.2179443725384,-0.0025572720687137,-0.00454864683506254,73.722516622047,100.000001258123,100.000000067451,155,94-100,18,24,24,24,24,26,24,24,24,481.097259604782,240.000001618827,0.98741101719007,1.05999999809331,0,0,600,1.61738145662665e-05,0.000975610625534085,100.000000067451,100.000001258123,75.660683994121,79.2768690037954,1.21111469921131
184,43,27,32,27-32,151,0,1,118,118,24,0,100,5.4040919,0.225170495833333,0.2508186,48694.53999993,0.716415391521878,0.00147126542707843,63330.1639155152,56.2467773491852,0.0262757045781328,0.0467368732215026,73.7472121383877,100.000001266166,100.000000095109,155,94-100,18,24,24,24,24,26,24,24,24,481.112214296943,240.000002282606,0.987409808091138,1.05999999950594,0,0,600,3.66759626770273e-05,0.000699567906368381,100.000000095109,100.000001266166,76.0354799854928,79.7227085005183,1.17407015799038
185,78,54,56,54-56,155,0,1,118,118,24,0,100,7.1254885,0.296895354166667,0.4093645,48693.5069097815,-0.316674757043074,-0.000650338654333208,63329.3340560724,56.2056469391047,-0.0148547055024011,-0.0264222215523863,73.717175917998,100.000001286847,100.000000060769,155,94-100,12,24,24,24,24,26,24,24,24,481.124932037639,240.000001458452,0.98740081775166,1.05999999955736,0,0,600,1.28591936526951e-05,0.000311459797434743,100.000000060769,100.000001286847,75.6615502915829,79.2796205638396,1.07156286941022
186,77,54,55,54-55,169,0,1,118,118,24,0,100,5.5218531,0.2300772125,0.2517529,48693.8372349462,0.0136504077017889,2.80331399280858e-05,63329.7059537629,56.2208885147956,0.000386870188506805,0.000688130089895623,73.7318931293603,100.000001275319,100.000000058213,155,94-100,12,24,24,24,24,26,24,24,24,481.107633293579,240.000001397104,0.98741112482617,1.05999999955178,0,0,600,1.76947790798914e-06,0.000102173475492018,100.000000058213,100.000001275319,75.6609804212462,79.2777011214153,1.0120345220794
